td.,5
sekarang.,1
ape,3
pah2,1
deket,26
belumm,1
gebss,1
joget2,1
depok,3
logo,1
wwkkwkwkwkwkwkwkwkwk.,1
mengerti,1
sejaman,1
siap2in.,1
bersalah,2
pakarnya.,1
sekali.,1
bagusss.,2
tungguin,4
berguna,1
gimans,5
sementara,1
ajg,1
capeeekkkk.,1
hapus2in,1
nyoba,3
https://www.instagram.com/juanlangoy/,1
berisik.,1
mangga,1
noob,1
iy.,1
jadi?,1
https://maps.google.com/?q=-7.323291,110.498154,1
bakalan,5
semacam,2
sesakit,1
ig,5
kaos,1
tanggal,7
allahhh.,2
bsb,1
abiyu,1
tempatnyaa.,1
effort,2
netflix,1
matii,1
charge,1
telfon,29
ade,4
nyelesein,1
peseennn.,1
toilet,4
teh,1
hoki,1
ü•∏,1
pasar,2
tanyaainnn.,1
cm,2
awkwkwkwkwk,1
dibayarin,1
dirawat,2
chat,,1
bengkak,2
dikiranya,1
okkeehhh.,1
jangan,32
lupa,18
ibumu,1
met,8
800k,1
ignya,1
2,5,1
29,2
pelatihnya,1
‚Äédocument,6
nabrakkk.,1
keluar.,4
kost,2
hubungan,,1
barang.,1
ngewe,22
smg????,1
luluran.,1
220an,1
bgttt,17
keyyy.,1
versi,1
heron?,1
funn,1
herann.,1
positif,1
weekdays,1
wkekwkw.,2
star,3
pertama.,2
dream.,1
tidurrrr.,1
ngerti,8
knp,18
videonya,3
terteranya,1
epic,1
santaiii.,2
yee,4
diet.,2
latief1919,1
bril,,1
solat,1
asbun,1
tiktok,23
dramaaaa.,1
ngis,1
okay,1
cemara,1
pengen.,4
ngurusinnya,1
thun,1
baik,11
durian,1
byeeee.,2
pelan,1
kenapaaa,2
25menittt.,1
3.5,1
becandain,1
siang2,1
digituin.,1
samperin,2
ak.,24
???,4
jauh.,3
yaudahhh.,1
mangkokkkk.,1
quality,1
kok,119
kemanaaa???,1
topic:,8
yaudaaahhh,1
leher,1
depresi,1
sekaligus,1
belasan,1
ternyata,18
beebs.,1
probabilitas,1
briliii.,1
miskin,3
kode,1
enggaa,4
iklan,2
jokowo,2
ya√†aaa.,1
pakeee.,1
bener.,4
gemeshh,1
bodohhh,1
20220331_202235.mp4,1
24,3
ngereview,1
ngasih,4
ngerokok?,2
nyetir,3
sinting,1
nyebelin,4
hadoh,4
parkirnya,1
iyee,3
diaaa.,3
manggil2,2
dia?,1
sekali-sekali,1
itupun,2
tape,1
gituu.,2
majuin,1
hjaann.,1
wkwkwkwk.,15
ngelakuin,3
syg,7
chess,1
zara,1
dmn.,1
wkwkwkwkwkkwkwk.,1
hidden.,1
kinda,1
sodaramu?,1
bisa.,5
smpee.,1
xixixi,1
melayang,1
boleehhh.,5
makaci.,1
adek,12
tegal,1
dipesenin,1
kanaannnm,1
niiii.,2
nangiss.,1
temennya,4
laura,1
mending,10
dimarahin,8
-,15
sampeee,2
inii,1
tantemu?,1
eh,40
ngapain,46
bagusss,4
halo,2
maunya,5
skalian.,1
banyak?,1
bsa,5
temporarryyy.,1
kemana.,1
paling,29
nanya?,1
my,3
lhatyy.,1
ngechatnya,1
sekarang,15
gas,6
lusa,1
logikaaa,1
mskdnya,1
tanah,5
ramah,1
talking,1
boleeehhm,1
wkkw,9
pacarnya,2
anjirrttt.,1
rambutnya,6
jajan,2
yusuf,1
anjrittt.,5
ekkswkwkwkwkw.,1
cepett,1
oke,21
mukul,1
mual,3
mananya,1
https://www.tokopedia.com/anurashop/sepatu-nike-pegasus-38-olahraga-running-jogging-pria-wanita-original,1
yaudeh.,1
ceritain.,1
toko,1
ngerokok,,2
ituuu.,4
an,1
posesif,2
depan????,1
sabarr2,1
senior/dokter,1
sih,,4
wkwkwwk.,1
jadiny?,1
dicat,1
‚Äécontact,1
brio/,1
zoom?,3
fotonyaaa.,2
kemeja,1
oks,8
nangis,17
sumber,1
jadinyaaa.,1
bareng?,1
bangsatt2,1
sejam,1
bb.ü•∞ü§ç,1
masih.,2
kasar.,1
bra,4
cowok,4
dingin,3
amat.,6
fotonyaadanya,1
baru,83
dp,1
https://www.tiktok.com/@mark_kacy/video/7046434191671594245,1
periksa,5
ibadah,1
pulang,42
brgkttt.,1
berangkattt,1
kebanyakan,4
indomart,1
ngikut,1
setres,3
belakang,4
tulisannya,2
padahal,22
acaraku,1
catokannya,1
analisis,1
ga??,2
kardus,2
seloww.,1
nikah.,1
targetku,1
cek.,2
bntuin,1
udaaahhh,1
selatan,1
cabut,7
sukaaa.,1
galau,1
gt.,13
dehh,1
it,5
*_,1
angkat2?,1
dirumah.,6
kak,,1
dilihat.,1
wkwkkwwk.,1
dhh,1
apa??,1
manaaa,1
ilangin,1
bersama,2
kebangun2,1
hpku,1
seri,1
-_-,4
babeee.,6
dan,32
ortuku,3
flag,1
leganya,1
kecelakaan.,1
asliny,1
iuran,1
refund,,1
dpn,1
gapapaa,1
hadehhhhh,1
kannn???,1
sm,39
lelah,2
while,1
telfonnn.,1
sembunyi,1
kayak,30
emang???,1
gombal,4
smpe.,1
dideketin,2
murah,11
soswit,1
demi,7
pylori,1
kerja,18
belomm,1
gila,15
aknya,1
coffeemaker.,1
temenku,16
ngheheheh,1
gebetan,2
bumi,3
download,2
dosen,1
sugar,1
geblek,3
ditelfon,8
salatiga?,2
koreksi,1
keisii,1
nilainya,1
allah.,11
nyobain,2
diandalin,1
stop,7
gamaaaooo.,1
formulatrix,1
melek.,2
mauuu???,1
4jt.,1
project,1
smgnya,1
deh?,1
suara,1
lipsticknya,1
enggaaa.,5
istirahat.,3
paracetamol,4
sembuh,1
vc.,1
udh,157
nnti,20
mama,7
whatsapp,,1
jelek,14
tataaa.,1
sangu,1
nyangkut,1
kata2in,1
mic,2
mindset,1
blocked,1
radikal,1
jemput,15
anjinkkm,1
ngewenya,1
mute,3
keluarrrr.,1
sekedar,1
yaaa???,2
dahlah.,2
izin2,1
sodaramu,1
perhatiin,2
apa???!,1
join,12
jadi2,1
ocke,1
viral,2
perumahan,1
hari,30
semalem.,1
kapann,1
magang,4
yey,4
8.00,1
kepikiran,2
pasti,19
org,5
zonk,1
wkwkwkwm.,1
jurusan,2
funfact,1
ngerayuuuu.,1
2022,2
betah.,1
sannss,1
joinn,1
dimarahin???,1
ewe,2
carbonara,1
dibahas,,1
jahaatttt.,1
ngilang,1
ganti,10
daong,1
penduduk,,1
warnanya,1
temennya.,1
kere,2
aku,1232
mau.,5
rambutny,1
kalbu?,1
https://www.traveloka.com/hotel/indonesia/star-apartment-lt-19--20-3000010002291?spec=05-01-2022.06-01-2022.1.1.hotel.3000010002291.star%20apartment%20lt.%2019%20%26%2020.2&contexts=%7b%22sourcehoteldetail%22%3a%22share_button%22%7d,1
kntllll.,1
bisni,1
ejekin,1
nyenyaaakk.,1
lama,30
siap2.,3
pelatihan,1
password,1
nyampenya?,1
siap2nyaaa,1
ngepod.,1
penting,8
apartku,1
ngirim,2
turun2,1
bahas,4
back.üí¶,1
oalaaahhh,1
benerin,2
depn,1
pen,1
love,10
malemmm.,1
dilakuin,1
oiya,,2
sampe?,5
ngusahain,1
batre,1
dia,,1
curhat,2
waxinh,1
mauuu.,1
rada2,1
yaudah,67
pergiii.,1
kaki,3
gw,1
ah.,1
makanan,2
beneran?,4
hilaaanggg.,1
lg???,2
jokiaann,1
tanghung,1
gila2an,2
tp,143
tutup,9
nakaalll,1
semuaaa,1
kesitu?,1
gapapa,30
hubungan,5
gaakk.,1
ap,2
adaa.,2
gpplah,1
dicuri,1
150k,3
kamu?,30
pgn,8
trs,8
soalnya,,1
akuu,1
ngerasain.,1
wkewkkw.,1
tambahin,2
laporan,1
luar?,1
telurnya,1
merknya,1
edit,1
lanjutin,3
pingsan?,1
perusahaanku,3
ettt,2
iyanih,1
diri,14
sampee,2
mu,5
perih,4
‚Äélocation:,6
ikut,21
pinter,1
wkwkwkwkwkwkwkwkwkwkwkw.,1
berantem,9
download?,1
februari,1
ngewe.,2
dateng,6
gabisaaa.,2
abisin,2
tiktoknya,1
ijo,1
ktp,2
y?,1
tjukup,1
jemurin.,1
semarang,,2
masihhh,1
omku,1
5.,1
diem2,1
jugaaa.,8
kerenbangedd,1
lihat?,2
https://www.instagram.com/reel/cz4swp8lges/?utm_source=ig_web_copy_link,1
bantu,5
baca.,2
flipnya,1
tu,11
gajelas.,3
wwkkw,3
ywdhhh.,1
orang2nya,1
putri.,1
jlek,2
agresif,1
tenangggf.,1
penting??,1
anjirr.,1
sma.,1
wkwkw,122
bunuh,1
pause,1
biarin,2
suasana,1
renangnya,1
airr,1
lambat,1
ngajak,13
wkwkwkwkwkw,4
akwk,1
10-11,1
abis,32
kunci,1
sebelumnya,2
psychological,1
dighosting,1
latihanku,1
segera.,1
ye,7
nempel.,1
085281812202,1
outside,1
hypermart,1
jugaaaa.,1
ampun,1
wkwkwkwkwkwkwkwww,1
store,1
kentuttt,1
deb,1
okeeeyy.,1
drama,5
chatny,,1
salatiga,23
sanslah,1
mans,2
hatii2,1
jendral.,1
ngitung2,1
kemanaa.,1
ngerjain,6
amatttt.,2
impoten,1
malem2.,1
agak,8
9an,1
tikett,1
belommm.,1
dikenalin,1
mti.,1
cacaaatttt.,1
surat,1
tahu.,1
excel.,1
lo.,3
...,1
jokiii.,1
pulsa,1
bongkar2,1
masuk,6
masaakkk,1
tolong,8
hatiku,1
to,15
balik?,2
baguss,3
iyadeh,2
sok2,1
otodidak,1
gaaak?,1
nyaman,5
nganterin,1
wkkww,1
sabaran,1
pacarrr.,1
nanggulan,1
kk,1
deng,17
dirumah,11
malu,10
gtgt.,3
pengeluaranku,1
dota,7
treadmill,2
iyadong,1
dirumah",1
bangunnn.,1
horror.,1
aptnya,1
bntrrr,2
bercndaaa.,1
wkwkkwk,2
pap,3
lahhh.,3
harganya,3
confess.,1
kelihatannya,1
gmni,3
ajak,11
ngapaen?,1
2016,1
ngawur,1
ngapainminta,1
bisanya,6
apartment,2
rasa,2
gausaah,1
warung?,1
hahahahahahaha.,1
mayat,1
kiss,2
iritttt.üëç,1
ngewee.,1
hw?,1
berenang,2
ditanya2,1
wkwkwksksksm.,1
faktor,1
capeeekkk.,1
u,5
yeaaayy,1
ngesalty-in,1
nangisin,1
essay,1
bantuin,4
karantina,2
him,1
jalann,1
pulabg,1
rumaaaahhhh.,1
biela,1
berapa??!!,1
ngehibur,2
tau.,14
okay.,1
why,1
lihaaattt.,1
bandung,3
sembuh.,2
isunya.,1
terus.,4
heran,3
bawaaa.,2
lucuuu,4
oly,6
iman,1
berhak,1
:),5
gabut.,2
cari,10
segame,2
mantanku,1
yak,6
brili.,4
https://www.instagram.com/tv/cyofuvrbldf/?utm_medium=copy_link,1
deng.,1
udahh.,1
usa,1
deketttt,1
luas,2
dapur,2
haduh,3
ajadah,1
kitanya,1
taunya,9
cocok,9
krim,1
bsk.,1
k24,1
segampang,1
temen.,1
tai,2
iniii,2
magang.,2
gudnite,1
hepian,1
ketemu.,3
bggtt.,1
sadarrrr.,1
jadwalin,2
dihapus,2
apanya,6
cum.,1
elah,1
meninggalnya,1
iyyyy,1
dipikir,1
kwkwk,1
bener-bener,2
bgst.,3
250kan,2
ayam,2
devi,1
merokok.,1
ni,38
hitaammm.,1
enggaakk,1
iyaaaa.,19
gausah.,4
kepalanya,2
sbrrr.,1
kepengen,1
betulll,1
dimatiin????,1
kayaknyaaa.,4
rekam,2
alasan.,2
jogging?,1
beli????,1
cucunya,1
cntik.,1
pengen,22
ngegabut,1
buka?,1
selow,3
setresss.,1
gausahlah,1
jeleekkkk,1
kadang,7
tadiiii.,1
pintu,1
gym.,1
tenang?,1
gigim,1
palsu,,1
menangis2,2
blom,3
aromia.,1
overthinking,3
wakakak.,2
boys,3
mata.,1
obatnya,1
nyebutnya,1
jkt?,2
demo.,1
pembeli,1
peka,1
tangan,9
lagiiii.,2
spending,1
miss,2
ususnya,1
rayhan,2
balinya,2
gbut.,1
setujuuu.,1
jktnya,1
banget,58
strict,1
tips.,1
ugm.,1
katanyaa.,1
syapa,1
banjarsari,1
allaaaahhh.,1
(malam),1
dilokasi,1
sesi,1
lihat.,3
https://discord.gg/vnjtvrge,1
bulaann.,1
engga,16
perusahaan,5
isolasi,3
yayayaya.,1
kardusnya,2
samperr,1
nyusulll,1
me,3
balik,19
anjink,1
ovt,1
jari,2
tiktokan,3
teros.,1
makeup,1
depannya,3
:(,4
se**ng,1
giniiii.,1
belajar,8
negatifffff.,1
sticker,3
bacott,1
nyindir,1
bggggt.,1
ninggal,1
tavern,1
anjeer,1
suami,2
lopyu.,2
üòÖüò≠üò¢üò¢,1
plsss.,1
algoritma,1
khawatierr.,1
pisah,1
1/4.,1
1nya,2
bayi,1
kotor,1
prologcafe,1
20,,1
gratisnya:,1
gtw,3
wakkaka,1
tarik,1
cri,3
germo,1
bestieee.,1
asulah,1
langsung,18
namanya,8
selingkuhannya,1
templatenya,1
kabar,1
rapi,2
ketahuan,2
kelakuannya.,1
teratur,1
bgy,1
circle,1
akwekek,1
soapa,1
hasil.,1
lay,1
kreeennn,1
gemeshhh,1
vidcall?,1
pelajarin,1
bentaran,1
6km,1
iyeee,4
nipu,2
bacanya,1
ga?,42
kita?,1
padahal.,1
enakan,4
el.,8
ngelantur,1
jahat,4
mksdnya????,1
wakaka.,1
barat,3
semangaatt!,1
awas,10
dimobil.,1
bilang,40
rumah.,6
beteee.,4
bkin,2
dikit.,1
ya,302
biasanya,,1
ketebelan,1
emang.,3
ngegym.,1
anget.,1
lamaaa.,1
janji.,1
laahhh.,3
sil,1
dikamar,1
terus,,1
cepetan,2
gituannn.,1
kenalin,2
asri,3
kemalemaannn,1
ngerii,1
ü§£ü§£ü§£,1
jkt,25
maghrib,3
best,1
sellasa,1
10'an,1
sore,16
unyel2,2
af,1
wkwkwkwkwkwkwkwkw,1
brkt,2
biasanya,20
joget,2
https://www.tokopedia.com/anurashop/sepatu-olahraga-nike-winflo-8-running-lari-jogging-wanita-original-putih?whid=0,1
byee.,1
deketnya,1
lihatnya.,2
berubah.,1
rabu,10
tapos,2
gombalanku,1
semangaaatt.,1
yaudaahh,1
allaahhh.,1
padet,1
kosannya,2
kan.,9
ngntuk,1
kenceng,2
izinin,1
jelekbgttt.,1
lakuin.,1
ajalah,9
wmwkwkww.,1
repot,1
sibuk?,2
cipe,2
yuk.,1
dekettt.,1
maless,1
legal.,1
poli,2
karwna,1
yah,12
gausajh.,1
mukaky,1
bangettt???,1
jogging,5
bilaangggg,1
deleted.,10
wkwkkwkw,1
tidak,3
bukit,1
seniorku,1
ki,1
studio,2
jokes-in,1
enek.,1
maksudnya,12
senyum,1
kanker,1
cepet2,1
harus,34
kasihaann.,1
rujukan,1
mbahmu?,1
manaa?,1
okaaayyyy.,6
tv,1
k,5
khawatiran,1
capeekk.,1
buat.,2
mbahmu,1
850,1
rumahku,8
7.30,1
makaciiii.,1
epic.,1
refund,1
botak,1
sebuah,1
tadiii.,3
latihannya,2
1.5jt,1
ini.,12
indonart,1
bareng!!!,1
wkwkwkwkwkwk,5
antara,1
diprotes,1
laptop,11
rizky.zip,1
wwkwkwkwkwkw.,1
gabisaa.,1
gataauuu.,1
okeeehh.,1
hahahahahahaha,1
wkwkwk,77
pd,5
secepatnya,1
bucinnn.,1
u/,1
sehat,2
ceritain,2
ichq,1
mergokin,1
bareng,14
gaada,7
ngasih.,1
wkkwwkkw.,1
ml?,1
kenal,4
maskerr,1
3km,3
kebiasaan,2
mba2,2
wkwkwkwkwkwkwkwkwkwk.,2
sel,1
jnt,1
maloe.,1
kuat.,1
bntrrrr.,1
disakitin,1
sltg,1
6an,4
jamber,7
5/10,1
favnya.,1
gabisaaaa.,1
after,1
baguslah,4
trus,18
aja,,1
sec,1
https://twitter.com/taste_mens/status/1502603968156868608?t=mmllq8wxscsj7y2s-iqwmq&s=19,1
goblog,2
cocok.,1
sekarang,,1
hw.,1
jamet2,1
ngegantiin.,1
jawabannya.,1
botol,3
putus2,1
joinnn.,4
bentuk,1
wjwjwkw,1
siapatau,1
ngulang2,2
disampein,1
eskrim,3
maeeennn.,1
tlol.,1
https://www.kompas.com/sains/read/2021/12/16/142544523/laura-anna-keluhkan-asam-lambung-sebelum-meninggal-bisakah-gerd-sebabkan?page=all,1
kemanaaam,1
gantinya.,1
ngilangnya,1
team,1
usah,1
km.,18
wkwkwkwkwkwkwkwkwkwkwkwkwkwkwkwkwkwkwkwkwk.,1
ketiduran.....,1
deehh,1
emanggg,1
manisnya,1
disingkat,1
muat,1
iniii.,3
cobain,2
okeeeyyyyy.,1
diganggu,4
minggu,8
nihh.,2
baunya?,1
badanku,1
br,8
km??,1
pake,55
ngebucin,1
https://goo.gl/maps/7zap4pwwrxp5z3ft5,1
culun,1
seriusss,1
krj,1
wkekwkwkwkw,1
akunya,10
tolol.,1
ngejoki?,1
balikkk,3
kapan????,1
kampret,7
nangis.,3
jaksel.,1
mampush,1
nontonin,1
rumahnya,2
mulutku,1
penghasilanku,1
gaaak,1
lihat2,4
gabisa,,1
stay,2
skenario,1
card,1
kenapa,37
kecepetan,2
kamera,2
ngetweet,1
mabuk.,2
capek.,3
mabuk2an.,1
jawa,3
jne-in,1
joki,6
bisa2nyaaa.,1
lagi,161
bilangnya,4
4an.,1
merah,1
koper,1
arahin,1
semua.,3
pagi.,2
nahan,6
www.olx.co.id/item/tanah-kebun-sudah-ada-saung-bambu-di-ciawi-bogor-iid-845172616,1
gapernah,10
semalem,7
berusaha,2
bingung2.,1
biasanya.,1
aneh.,5
private,3
istri,2
heyy,1
(karena,1
8nan,1
bisa???,1
tempat,7
flight,6
nyampe,1
jambu,2
barusan,4
merhatiin,1
ngerevisi,1
fix,5
anehnya,1
motor,2
penjawi,1
napsu,1
ngeluh,1
pikun,2
hddehh,1
(jalan,1
banyaakk,,1
manusia,1
maks,1
gxx,1
dm,7
kariadi,1
ngerokok.,5
between,1
jangannn,1
rumahku.,1
pulang,,1
dluuuu,1
jamet,4
nginepnya,1
kokk,2
perpanjang,1
dinikahin,1
lengen,1
tontonan.,1
pacarin,1
harusnya.,1
komen2,1
potensi,2
https://www.youtube.com/watch?v=yknlttdmaqs,1
berkali2,1
mesum,1
ituu.,1
harga,2
haaaaa?,1
kusus,1
‚Äémessages,1
c.,1
wkekwkw,1
oalaaahhh.,1
ceritanya,2
jogging.,1
senior,1
knp.,1
cai,1
ngeeenssss,1
ambilll,1
yaudahhhh,1
santai.,2
gereja,1
bacain,1
anget,2
goblok.,1
kemanaa.....,1
skincaree.,1
cabs,15
siapnya,1
time,3
campurr.,1
sorenya,1
694,8
kegiatan,1
jajanan,1
dicolonh.,1
dilakukan,2
yakk,1
siap.,1
lagu,1
cocomelon,1
sharelocc,1
kuingetin,1
bang,1
ngelarin,1
jutaan,4
sayang.,4
kata,12
jangan.,1
slepispotify@gmail.com,1
pasangan,2
tau,71
tgl,13
reaksi,1
dijawab,6
pala,1
disebelah,1
wkwkwkwkwkwkwkwkwkwkwkwkwkwkwkww.,1
mettt,2
masi,6
astaga,4
telfonnya,1
nemuin,1
niii,2
tidueer.,1
waktu,12
skrg?,3
ketularan,1
topinya,2
okee,12
makaann.,1
drmana?,1
spill,1
sambil,10
capeknya.,1
kamar.,1
naksir.,1
omitted,1538
second,1
skincarean.,1
haram,1
jaehyun,1
faris,3
kamu,271
gara2,5
taik,1
mama.,2
tinggi,2
smaku,1
trauma.,1
lhat.,1
pel,1
sakittt,2
noppp,1
makaannn.,1
lolos,1
goblougg,1
upn.,2
share,2
kerjain,2
itu?,9
kakak,2
kecuali,1
lama?,1
8an,1
beteeee.,1
pvj,2
suka,,1
sn,1
candaa,1
10.,1
bless,1
woi,1
tidur',1
jegboynya,1
calls,1
kiriku,1
sabarrr.,1
benerrrr.,3
bertubi2.,1
gunung,2
mati?,2
gakmau,1
terakhir,5
pembatasan,1
gakpapa,21
boleh.,2
bethari,1
https://www.youtube.com/watch?v=t8eme3thaqe,1
nggak,,1
ngantukan,,1
gapapaaaa.,3
bgtbgtbgt,2
programmer,2
nail,1
pin,2
ngechat2,1
taxi,2
pukul2,2
ok.,3
juta,9
bakar,1
nunggu,19
boxing?,1
bbrp,4
cowonya.,1
iye,9
copo,1
ramadhani,1
roomnyaaa.,1
sakit2an,1
ilang?,1
jogja,1
dimana?,9
oooo,1
*jeggsend,1
16,1
boutique,1
temen2ku,6
com,1
sibukkk.,1
btw,15
wait2,1
always.üôÇü§ú,1
cepet.,2
mikirrr.,1
akhir,4
iya,58
pokoknya,3
tusuk,1
bahasa,1
now,1
ak?,2
greja,1
dulu?,5
dibolehin,,1
kereenn,3
pasangannya.,2
mcd.,1
gblk.,3
intern,3
hari2,1
ditawarin,1
wkwkwkwkw.,12
rapat,2
kerjanya.,1
dibantuin,2
gaaakk,1
nyewa,1
polres?,1
bgtt5.,1
brengsek,2
amattt.,2
tanyain,2
seminggu,5
dengan,10
jantung,1
ramayanaaa.,1
sparringku,1
febrilian:,4398
15,2
kak,1
seneng,,1
dri,15
uddh,1
rocks.,1
finger2,1
meja.,1
babyyyy.,2
waitttt,1
akkk.,1
syuting,1
sii,1
chat.,2
pikir,3
aneeehh,1
ap.,1
tetep,9
gausa,6
sumbernya,2
hadeh2,1
5an,4
nolak?,1
kerdus.,1
nantilah,1
terakhirmu,1
dicoba,1
udaahh,4
jas,1
artis,3
tadi.,1
gskaaa.,1
bercanda.,1
money,1
berangkatnya,1
soalnya,54
perempatan,2
matanya,1
hantu,1
bgs,3
wakabem,1
gitu,87
mane,4
mabukkk.,1
lah,96
mohon,2
hjan,1
ketawa,4
pusing?,1
mang,1
gaa.,1
kegiatannya,1
simpenin,1
pacarku,1
12.,1
nopal.,1
laper.,1
engggak,1
puterr,1
durasi,1
kemanapun,1
berempat,1
ngobrol,12
spiderman,1
menjadi,1
gaboleh,6
rame,3
molo.,1
akun,2
wajar.,1
keknya.,2
kereenn.,1
miskin.,2
wkwkwkwkwkwkwkwkwk.,2
komitmennya,1
legalitasnya,1
taik.,1
gaktau,1
ngajakin,7
0htb3m,8
hadhhh,1
yeyyyy.,1
temen?,1
okaayyy.,6
nanyaaa.,3
jangann,1
parkiran,1
kemana,13
ambilnya,1
okeeeyyy.,5
vibe,2
experiment,6
bodoamat,16
baunya,3
anu,1
akwksksksks,1
bosen,3
minumin,1
https://open.spotify.com/playlist/353hke366qd77okkiryyp4?si=fcsqcunardayt_sb1czchg&utm_source=whatsapp,1
wait,6
pulanggg,2
diblock?,1
mna,1
nofal,1
kain,1
slh,2
lari?,1
tulang,1
dika,3
disayan,1
mati,12
ditembak,2
beda.,1
kepala,2
atau,39
rame2,1
sus,3
wkwkwkwkwkwkw.,2
teman,1
tempatku,2
dikosku.,1
ditulisannya,1
wkwjw.,1
tenang,2
jwb,3
b,2
papa,5
rambutmu,3
al,1
mana?,25
sebenenrya,1
coli,5
hai,2
sbb,1
dunia.,1
https://www.traveloka.com/hotel/indonesia/mg-suites-hotel-semarang-1000000474572?spec=05-01-2022.06-01-2022.1.1.hotel.1000000474572.mg%20suites%20hotel%20semarang.2&contexts=%7b%22sourcehoteldetail%22%3a%22share_button%22%7d,1
kering2.,1
dikamarrr.,1
unek2,1
borosss.,1
kapital,1
aslinya,1
keyyy,2
https://discord.gg/hunfxe5p,1
ukuran,1
main2,1
sendiri.,11
lima,3
malam,2
lambungku.,1
jumlah,1
manss,2
tirimu,1
buntelan,1
nyuruhnya,1
drama2,1
kalahnya,1
aadaaa.,1
cpek,4
mlnya,2
mandi,22
salatiga,,1
niteride,1
ditoilet,2
ngantuk,13
kurang,24
kedistract,1
sorry,6
2021,1
berarti,18
babe,6
benar.,1
keknyaaaa.,1
dlu.,10
ngemut,1
termasuk,1
pegel,3
melingkar,1
wii,1
juga.,3
hadeh,5
ugd.,1
moms,1
yes,1
gituin,1
dihalaman,1
thx,1
sih?,6
011001sel,2
ngurus,2
gojek?,1
irritated,1
pakde,1
solo?,1
gile,1
jelasinnya,1
sekaliii.,1
amans,1
kereeennnnn.,1
pokoknya.,1
kalau,3
faktaaa.,1
penat,1
u.,5
kekosnha,1
masak,17
smg?,1
90k,1
digebukin,1
gilaaaa.,1
topik,1
setres,,1
j&t,1
eyangmu,1
okaayyyy.,5
situasi,1
setresnha,1
no.,3
muntah2.,1
putihnyaa.,1
passwordnya,1
direncanain2,1
ngabisin,1
belom????,1
traveloka,1
dee,1
semoga,6
lain?,2
declineee,1
chattt,1
sampe.,1
heheh,1
tipsy,2
badan,4
70%nya,1
belum,18
perumahannya,1
bau2,1
gantengggg.,1
nyusul.,2
bntrr.,6
pejabat2,1
sih.,23
wkwkwkak,1
ngelihatin.,1
allahuakbarrrr.,2
ngaceng,1
batin,1
igd,1
kegesek2,1
ngelarang,1
semoodnya.,1
okeeehh,2
77,1
mantebb.,1
cbl.,1
sudah,4
kebayang.,3
suaminya.,1
couple,1
sabtu?,1
mwnya,1
potter,1
tana,1
mager,,1
es,2
ngecek,1
ngak,1
muhammad,1
babee.,1
wkwkwkwk,28
tar,21
gt?,1
wkwkakwkwk.,1
au,1
kangen,17
ditungguin,1
https://g.co/kgs/mdvwco,1
sstt,1
1x,1
tulus,1
murung.,1
https://tokopedia.link/innz5tzr6lb,1
gemesh,1
malemnya,4
sihhh.,4
sekarang?,2
banyaaakkk.,1
nobarnya.,1
ditingkatkan,1
jdwl,1
telingaku,1
mukulin,1
pula,6
sim,3
dah.,7
:,11
dicancel?,1
anjrrrr,1
yok,6
eventnya,1
huhuhu,1
wkakak.,1
bumble,5
noormans,1
blotongan-salatiga,1
malem,39
kasian,7
ktnya,4
enggaaa,4
kek,33
semangaaattt,1
yaampun,8
sayangku,1
tunda,1
wkwkek,1
musuhku,1
gapapaaa.,6
naik.,1
mahaaall,1
ibunya,1
berapa.,3
pesenin,7
iyh,1
gttttt.,1
3an,2
gausah?????,1
in,2
aaku.,1
streaknya,1
sakit?,1
ayanggg.,1
bangettt.,2
berubah,4
ni?,1
kepentok,1
h&mnya?,1
suga,1
leci,1
cepettt,3
petra,1
ngentott,1
dengerin,3
table?,1
ratusan,1
boleehh,3
sumpah???,1
apaaannn.,1
iyyaaa,1
sengaja,,2
nyarinya,1
away,1
diinget,1
temanya,1
sehari.,1
mereka.,2
085287304437,1
baperan,1
jakpus,4
apart,5
barang*,1
barangnya?,1
chatnya,3
belinya.,1
refleks,1
vidcallan,2
pizza,1
dmn,21
pipisss.,2
jadiii,2
bgt???,1
bensin,2
nasib,1
technical,1
inn,,1
sih,153
heh,13
gimanaa,1
dokteran,1
foto,11
salak,1
jalanan,1
bebass,1
gakpapa?,1
abs,1
busetttt.,2
gaaakk???,1
brillll.,1
kg,2
face,1
pelatih,2
gaboleh?,1
ahahahahahah,1
dibawah,3
tanya,7
https://www.instagram.com/p/cbzmgtxllpj/?utm_medium=copy_link,1
dokter.,1
wkwka,1
iyakali,1
simpang,3
neraka.,1
kwkwkwkwkwwkw.,1
proses,2
beneran,28
pagian,1
bukanbya,1
setengahnya.,1
boarding,1
perlu,10
iyyy.,1
gaklah,7
lu,1
wkwkkskssksksksksk.,1
wins,1
gabohong,1
okeee,2
y,35
lagiii,1
babeee,4
thought,6
akan,10
point,,1
oly.,1
interview,2
selingkuh,6
nontonnya,1
gokil,2
psttiii,1
dioperasi.,1
kuota,1
siksa,1
calya,1
wmwkwkwkw.,1
tanasurga,1
kmn,3
apee,1
daddy.ü•µüí¶,1
salting2.,1
karena,20
pukul,4
dokternya,4
ngilanginnya?,1
zooman,1
uksw,1
skripsinya?,1
ngatur2,1
psti,3
bts.,1
4.5,1
ass,1
gituuuu.,1
allaaahhhh.,1
wkkwkwkw,1
atlet,1
namane,1
10an,1
mamaku,,1
parfumkuuu.,1
rasanya,1
his,1
tukerer.,1
messenger,1
kos,7
emang,80
tenangggg.,1
kebawa.,1
protes,1
iya.,2
wakkaa,1
laper,4
crypto.,1
boboooo,1
hey,5
tungguin.,1
loh.,4
selayar,1
madrim,1
temen2mu,2
planningnya,1
bandara,3
ngurusin,3
asu2.,1
itemin,1
up.,1
buletbkecil,1
maju,2
justru,2
skrg,32
salemba,3
300x,1
jangaaaaannnn.,1
modus,1
loco,1
dirasa,1
cewe2nya,2
seruuu.,1
bahan,1
gagal,2
gendut,2
heal,1
selviana,4711
neh,1
pke.,1
kabur,2
gabisa2,1
https://www.tokopedia.com/rahillasport/nike-renew-serenity-run-running-women-s-db0522101-36-5?whid=0,1
rateku,1
berseragam,1
supirku.,1
airpods,1
ponakan,1
poin2,2
nanyanya,1
yam,1
keseringan,1
arahannya,1
santai,5
boong,9
dibaless.,1
ngegym,4
cipokan,1
hanya,1
nakaaall,1
jleekkk,1
penipuan,1
nangis2,1
ngabarin,,1
selvi,3
ngasal,1
nyiapin,1
jadigaks,1
ow,10
badannya,2
gapenting2,1
hargain,1
lgsng,1
yakali,1
merem,1
anjirrrrr,1
lucuu.,1
mana,75
seneng,10
wishing,1
mundur,1
ambarawa,,1
what,2
cobaaa.,2
ngeyel,2
ngapa2in.,1
memang.,1
selfie,3
that,2
temenan.,1
sekali,9
temeninnnn.,1
quotation,1
gppp,1
gajadiii.,1
yaa???,1
jurusannya,1
okede,1
disitu,6
shareloc,8
ae,2
out,1
direkam,1
ribu,1
span.,1
konten,5
goblokk,2
ditanya2in,1
ih,8
adaaaa.,1
dongg,1
wkwwk,2
toilet.,3
nyalain,2
2.5,3
abdi,7
mabs,5
sad,2
pancasila,3
jenderal,9
bawa,31
beli,30
browsing,1
jelasnya,1
jokiwo,1
cantik2,2
siangan,2
maba,1
ternyataa,1
semenjak,1
call,40
hmm,4
muntah??,1
stupip,1
bluetooth,1
buka,21
belimbing,1
cowonyaa.,1
https://open.spotify.com/playlist/13ylukkqsj8lerzjfj0k9d?si=b444f6176c7e4340,1
cerita2,1
kamu.,6
sukaaaa.,1
gileee,1
dugeeeemm.,1
mikir,14
pencet,2
nyesel.,1
sebelahnya,4
mirip,7
the,4
nyatet,1
pulaanggg.,1
dlubaku,1
dikitt.,1
pasangin,1
ac.,1
emak.,1
dritdi,1
coba,25
kelakuanku,1
last,2
stiker,2
pah,4
bebsss,1
ap?,1
lg.,16
ekwkwkw.,1
yaampunnnn.,1
tauuuu.,2
drunk,1
random,5
menurut,1
kontoll,2
kesayangannya,1
yyyyy.,1
post,4
hnngg,1
negatif,4
kosngt.,1
software,1
lanjut,2
macem2,1
nnti.,1
500k,2
personal,9
asu.,1
masqlqh,1
eeehh,1
whiskey,1
kontol.,2
justu,1
ngulang,1
acc,1
mamamu,5
jangaann,2
kumpul,1
sanss2,2
tauu,3
gambir,1
bgt.,37
daahh,1
jeruk,2
kasar,1
mall.,1
cv,1
keringetan,3
cuan.,1
eropa,1
bulan,11
tidur2,2
dimana,8
review,3
tidur,57
korporasi,1
otw.,6
musuhan.,1
blggg,1
michat,3
kumpulll.,1
keberisikan,1
smpn,1
gamauuu.,1
kangeeeeennn.,1
dari,85
hahahaha.,3
ayaanggg!!!,1
salah,16
twitter.,1
kapitalis,1
skrgg,1
tlolll.,2
crisis,1
maraaahhhh.,1
dah,118
kondom??!,1
nunjukin,1
iyyaaaa.,1
19,2
0131346874,1
baper,1
"ini,1
aku.,38
lho,5
kwkwkwkwkwk.,1
300rb,2
lasagnanya.,1
santaii.,1
bisagaks,1
room,8
scott,1
liat,19
jumat,3
denger,5
toyib,1
kos.,1
duit,6
keenakan,2
diuplod,1
berharap,1
sabtu,3
tanggung,2
650k,3
sistemnya?,1
seru,11
your,3
cowo2nya,1
biasnaya,1
event,3
gaks,8
kanaan,1
diem,5
minta2,1
semangattt,1
sempet,3
nenekmu?,1
amattt.ü•∞ü•∞ü•∞,1
ciawi,5
nyenyak,1
‚Äéimage,713
banget.,2
girly.,1
ugm,5
add,1
wkkwkw,1
jokesnya,1
kue.,1
alalh,1
ngelanturrr.,1
masihhhh.,3
akses,1
map,1
nonton?,1
banyaakkk.,1
radang,4
salah.,3
bantuan,1
mau2,3
ayaammm.,1
ayanggg,2
wwkkwwk,1
kangen.,4
jiwa,1
we,1
cabut?,1
smbl,2
wkwkwksksksksksks,1
bacol,2
cewenya.,1
hukumannya.,1
diceng2in,1
beteee2.,1
kamarrrr.,1
pas,52
cpek.,3
sibukkkk,1
pasutri.,1
album.,1
parah.,1
bali,12
president,1
fokusss.,1
bahkan,4
sihhhh.,1
kuku,1
bgsttt.,2
lumayanbsih.,1
400k,1
dibolehin,1
udhhh,1
laiyawkwkw,1
lgi.,1
hahahh,1
bayii,1
keliahtan?,1
cpt,6
nanyain,1
155rb,1
jelass.,1
2017.,1
oohhh,2
kpn,2
kalo,186
hukum,1
gamau,28
kepencet,2
kyknya,2
bm,2
cryyy.,1
assuuu,1
lagipula,1
100.,1
nopal,1
harusnyaa.,1
bt,1
muncul,2
dibenerin,1
nihhh,2
vidcall,21
sama2,2
nyusul,4
ngepap,1
(di,1
nanti,57
kumpul2.,1
ngerekam.,1
hotelnya,2
keselek,1
bagus2,4
pose,1
ajggg.,1
rambut.,1
:p,1
tertanam:,1
valid,1
kntl,1
wowwww,1
sehuruf,1
aspong,1
disana?,1
sebagus,1
kata2,2
aj.,1
sicepat,1
magerrr,1
sebelaku,1
kgn.,2
rebuan,2
tol,3
just,1
ditunggu,1
santuy.,1
enaknya?,1
penting.,3
rata2,3
ckeppp.,1
gatau.,2
jalan2,,1
olx:,1
ktm,2
hujan.,1
tw,1
dugem,21
eyang,12
wa.,1
kwkkw,1
boleehhh,1
anjing.,2
ato,5
dipuji,1
kerjaan?,2
febby,2
oohh,2
ngetik,3
yauds,8
sman,1
urus,1
bb.,3
dimana,,1
kakiku,2
ngebet2,1
goreng?,1
gaya,2
mantep,2
ko,1
caranya,2
20%,1
siboeeekk.,1
wolu?,1
disitu.,1
pekalongan?,1
udahlah.,1
https://play.chess.com/u2jsh,1
apa?,38
hoodie,9
cantikkk.,1
https://maps.google.com/?q=-7.061041,110.435867,1
ndaakk,1
kirim.,1
*aku,1
byebye.,2
esri,1
dikosan,,1
ketauan,5
seriusan,3
dikitttt.,1
olahraganya,2
dhlhhhh.,3
nganterrr.,1
sd.,2
sumpaj.,1
wkwkwkwkwkwkw,3
sisa,3
20.00,1
senyam,1
xixixix.,1
habus,1
maen,8
pengujinya,1
mulai,9
gojekin,1
tau,,1
cekin,1
dila.,3
pendekkk.,1
makan.,7
diceraiin,1
mti,1
happiness,1
terakhirku?,1
copotnya,1
lupaaaa.,1
dkt.,1
manis.,1
pasutri,1
ikuttt.,1
ngobrol2,1
dipermasalahin,1
open,2
kepepet.,1
pertahankannn,1
bagus,49
pernah,45
yaaaa.,11
jjigae,1
dila?,1
ooo,1
bertiga,3
perebut,1
kamprett,2
ga????,1
bentar.,3
hahahah,2
glow,1
dilaaa.,2
menderita,3
keterlaluan,1
sokap,1
4km,1
full.,1
ayaangggg.,1
apaansi,4
pigy.,1
menang.,1
bgtbgtbgt.,1
babyyyyy.,1
mabok,24
kemarin.,1
martabak,1
iyasih,8
letsgooo.,1
ayo.,1
serem,9
menyiksa,1
bagussss,1
apa2,3
zenius,1
untung,9
tulis,1
tot,3
kwkkwkwk.,1
apa2in,1
ngaruh,2
rejo,1
safe,2
wkwkwkwkwwk,3
enggak,,2
ckckc,1
wkwkwkwkwkwkwkw,1
wibu,1
wktunya,1
kemang,2
rameee.,1
udaahhh.,6
150,1
bikinin.,1
utbk?,1
awwkwk,1
main.,5
kegabutan,1
dibayar,3
totlah,3
vodka,1
wkwkwkw.,18
pedes,2
encrypted.,1
anjritttt.,2
dibikin,1
sabun,1
prsaan,1
selasa,10
lapo,1
taruh,1
disiniiii.,2
https://www.traveloka.com/hotel/indonesia/ibis-semarang-simpang-lima-109245?spec=05-01-2022.06-01-2022.1.1.hotel.109245.ibis%20semarang%20simpang%20lima.2&contexts=%7b%22sourcehoteldetail%22%3a%22share_button%22%7d,1
dong.,1
segitunya,1
banget?,2
satu,15
langsunggg.,1
jgn,18
asics,1
https://twitter.com/serube_e/status/1430611764287139840?t=9fkce8wmajpoha__mqw2na&s=19,1
ditakdirin,1
dugemnya?,1
busettt,1
tonton,4
dn,1
betenya,1
nanyaaa,1
agustus.,1
adzannya,1
logika,1
gmn,17
oiya,18
ngebayanginnya.,1
dimatiin.,6
sampe,75
sendirii,1
by,1
telor?!,1
terserah,4
diangkat?,1
ditawar,1
but,1
gasih?,4
hp,8
bodoh,1
segera,8
kebiasa,1
wkwkwkwkwkwkwkwkkwkw.,1
iyaaaa,12
item,7
tulisan,2
bervariasi,1
kedepan,1
seprei,1
ga.,1
okkk,2
flu,1
https://us04web.zoom.us/j/8436943264?pwd=ukjsrmxfzklpnfbwqthpbxv0uvhudz09,8
citapen,,1
tugas2,1
apps.,1
gakkkk.,1
juga?,2
babi2,1
100%,1
pacaran.,2
okaayy.,1
hati,7
selesai,5
750k.,1
pulangggg.,1
diobrolinnn.,1
ganteng,6
sebel,2
izinnn.,1
kangenbat,1
sbm,1
jarikuuu.,1
extreme,1
live,3
matiin,5
pipinya.,1
benerinnya,1
orangtua.,1
gapapaaa,3
tenang2,1
gataauuuu.,1
wkwkwwk,1
chatin,1
smg.,10
enak.,4
maafin,1
boker,1
tipu.,1
depan,21
kargo,1
ngigau",1
didiemin,1
kmearen,1
sparingnyaaa.,1
daftarnya,1
jokes,2
https://foursquare.com/v/4e9f8bb655038bd257c319bc,1
gaaa.,3
krn,7
issue,1
keracunan?,1
"gotta,1
pusing.,3
najis,9
cakep,7
5kg,1
adzannya.,1
vodkamu,1
salahnya,1
wkwkwkwkwkwkwkwkwk,1
‚Äéyou,19
latihan,27
bacit,2
nyawanya,1
isengnya.,1
kgnnn.,2
salon,2
cium,3
school,1
155,1
asemnya,1
3,20
siapa!!!!!!,1
ttep,1
sengaja,6
minum,25
gblkkkk.,1
keluar,19
latief,1
emosi.,3
maseh,1
paksa,1
w,1
ooojhhh,1
mesenin,1
gjlk,1
psycho,1
pusngnya.,1
dibully.,1
entah,2
nanggung,2
aurasafira,1
baugs,1
setuju,2
wjwkskskksksskkskskss.,1
klo,1
kapan?,9
cowo.,2
bedain,1
grandmaster/legend.,1
great,1
sebelum,2
difoto,1
dikamarnya.,1
ditabrak,3
puasa.,1
kamu??,1
gaks?,1
beli?,1
perbaikin,2
duluan.,2
mateng2,1
salatiganya,2
sok,5
nasgornya?,1
theo,1
sop?,1
minss,1
semarang?,3
recycle,1
laperrr.,1
deploymentnya,1
kirim,22
tabung,1
panikkkk.,1
rada,10
garden,1
bandungan,1
alesan.,1
kangenan.,1
mabok?,1
wkwkwkwkwk.,5
kebaca,1
ekekekek,1
bgtt,8
wnwkwk,1
kitaa.,2
kamprettlah,1
alcs,2
charhgerkan,1
otakku,1
insta,2
pasti,,1
abu2,1
kenapa??,2
biasa.,1
udaa,1
makannyaa,1
dalem.,2
raditya,1
diem2an,1
barengpun,1
caw,1
grgr,41
deal,,1
tugas,2
gegar,1
dikontrakin,1
samsek,3
alaahhh,1
18+,1
emabg,1
aps.,1
km,230
rawat?,1
"aku,3
kelar.,1
vanilla,2
07.35,1
vidcall(,1
bril.,1
selese,4
karena??,1
5.3,1
syp,1
connecting.,1
karna?,1
setiap,2
wkakaakka,1
sanmol.,2
kentang.,1
gastritis,1
temenku.,1
telur?,1
diribetin,1
ada.,5
50711):,1
ngegym?,1
sadarrr.,1
delete,1
pilihnya,1
clapped,1
anjritttttt,1
cayaankkk.üò¨üò¨üò¨,1
error,3
habjsss,1
sok2an,3
cerah,1
segala,1
kapaann!!,1
bul2.,1
oh,22
giliran,3
bby.,2
masaknya?,1
habisin,1
ngejokes,2
awalnya,5
mataku,1
anjritttt,2
avanza,2
nct,1
wkwkwkwkwkw.,2
banyaaakkkk.,1
bsk,13
mah,19
gosip,1
piring.,1
semangaaatttt,1
alesannn.,2
makan,57
jelek.,3
gabisa?,1
bawain,2
vape,1
tuttt.,1
malu.,1
legalitas,1
luck,3
sedikit,1
menit,12
ngeue,1
bisalah.,1
kena?,1
wkwkwwkwk.,1
rokok,8
colmek,2
tapi,97
wkwkwkkwk,1
juga??,1
pake.,3
gmaps,2
alfamart,1
passcode:,8
kasihaannn.,1
abisss.,2
idih2,1
hah,31
https://foursquare.com/v/51aa541babd89ba8c5de26d6,1
sipboss,1
malang,2
memekk,1
mudeng.,1
salkir,1
kontollllllll,1
vaksin,1
wakkakaa,1
krennm.,1
kelaperan.,1
dijalan.,2
suaminya,2
rebu,1
memek.,1
ketidurannn,1
minumannya?,1
bajuku,2
yaudahhh,2
polos2,1
iyaa.,1
dilihat,1
ide,1
ssah,1
air,7
4an,1
perasaanmu,1
pacaraannn.,1
jktnya.,1
mau??,1
ngurusi,1
telinga.,1
screenshotan,1
jemuran,1
jd,61
unblocked,1
kepemilikannya,1
ini?,8
crazy,1
legaaa.,1
sakit.,4
malesun,1
sampenjam,1
gelang,1
berarti.,4
kuncinya,1
pergi,17
wmwkwkwk,1
kamo.,3
nyusul?,1
wow.,1
kemana?,10
nggak?,2
keikut,2
materinya,1
bentarr,2
gimanasih,1
menghargai,1
ngide,2
njir,1
cerminan,1
terus,70
sakitttt,1
ketiduran,3
mampus.,1
50m,1
kiri.,1
apaan.,2
maaahh.,1
rs,2
cucu,1
habisnya,1
tt.,1
wkwkwkwkwkwkwkwwkwkwkw.,1
flu?,1
pekalongannya,1
saja,1
okesih,1
wakakakaka.,2
4.5jt,1
rambutku.,1
belinya,2
bulaannn.,1
wibu.,1
bawanya?,1
gaa?,1
salting,3
sendiri,37
kamunya.,2
15000,1
kangennya,1
kedua.,1
bukan,29
2x,3
gimana??,1
babyyy,1
anjrittt,9
nyampein,1
discord,3
daripada,4
gila.,1
aja??,1
jilbab,1
gtgt,3
bete,32
filterrr.,1
motornya,1
bca,4
gituan,3
clearrr,1
youuu.,1
zum,2
babe?,1
chargerr.,1
dikampusnya,1
main?,1
hilang.,2
temen2ku.,1
setannnn,1
tenangin,1
culik,2
gelangnya.,1
berdarah2.,1
suseehh,1
minta,30
latian,3
lagi2.,2
disuruhh.,1
jendral?,1
warga,4
gagitu,1
awkwkwkw,2
ujian,2
queen,2
ni.,7
turunin,1
kayanya,3
diluae,1
wkwwkkwwk,1
art,2
anjirr,2
kesananyaaa.,1
jugaaa,1
ma,12
200k,1
kemanaa,1
kelamaan,1
cintaaa.,1
makanya,14
gastric,1
hadeh.,5
anjing,6
üôè,1
vn,1
kalimat,1
cabs?,1
wonder,1
soksokan,1
ngehe,4
penuh,3
tu.,2
ceritabya,1
katanya?,1
mampunya,1
tkut.,1
morning,3
ditoiletttt,1
baunya,,1
sehabis,1
malaj,1
pelan2.,2
bukunya,1
apa2.,1
assu,1
emangnya?,2
bawah,2
tkuttt.,1
rusak,3
jdnya,1
cerita,14
terus???,1
penerima,2
maurel,2
pods?,1
general,1
jagorawi,1
fuck,3
ngebales,1
polisi,1
nyari,6
t,1
gataauu.,1
diajak,3
saranghaeee.,1
nabrak/ketabrak,1
tae,7
serumah.,1
infonya??,1
salatiga.,6
nonjok,1
kemana2.,1
boong.,1
kamarnya,3
jir,2
gastro.,1
oversize,1
tuker,1
dedlen,1
book,2
6.30an,1
anjirrr,3
nolak,1
pkulin,2
teza,1
hati2,12
jenderal?,3
klwr,1
aji,1
gjelas,1
are,1
h,1
sekitaran,1
obattt.,2
ajaaaa.,4
bisa?,6
tua,1
ramah,,1
follow,5
ayang?,1
https://github.com/febriliankr/bplines,1
banyak2???,1
omggg.,1
ohhh,1
dia.,12
oiyaaa.,3
rekan,1
type.,1
archive,2
wkekwkwk,1
sans2,3
duluu,1
sbr,1
yhh,1
dimarahinnya,1
sering,16
wkwkkw,3
kelogin,1
message.,17
bloggg,1
sparring,5
gol,1
dket,1
kocak,7
kesana,3
mksd,5
pikiran.,1
wlwkkwkwkkwwkwkwkkw,1
batrenya,2
https://www.traveloka.com/hotel/indonesia/louis-kienne-hotel-pandanaran-3000010030681?spec=05-01-2022.06-01-2022.1.1.hotel.3000010030681.louis%20kienne%20hotel%20pandanaran.2&contexts=%7b%22sourcehoteldetail%22%3a%22share_button%22%7d,1
panas,3
besaran.,1
berlima.,1
ubah,1
sinii,1
diapart/dmn,1
ladenin,1
it's,1
ok,91
sakti,1
dirumaahh,1
rumahhh.,3
november,1
wkwkwkwkwkwkwkwkwkwkkwwkkwkwkwkwkw.,1
lakersbsb,1
dikira,3
udahkelar,1
ntarrr,1
mataharinya,1
musuhan,2
bela2in,1
dluekekeke.,1
9,7
halu,3
wwkwkwk,1
anjrirr.,1
boleh?,1
berantakan.,1
meledak.,1
tuttt,2
99%,1
rumahmu,8
awal,9
dulu.,7
krisan,1
üòÅ,1
kesebar,1
punggung.,1
or,2
capek,20
hal,4
bab,1
amatttt,1
wjwkkkk,1
wou!!!,1
diceritain,1
condong,1
and,2
y.,29
uang.,1
reflective,1
jgg.,1
gusa,1
ayoklah,1
passwordin,1
kok",1
godud,1
samperin.,1
duh,2
890m,2
dilanjuttt.,1
bersih2.,1
jogja.,1
aspire,1
ditenggorokan,1
alcoholic,1
sesek,3
dianterrr,1
yaaa.,40
dlu,10
bye,3
j,1
wakaks,1
kiteee.,1
calling.,1
login,3
aji.,1
januari.,1
setresss,1
nih.,4
ky,3
bebe,3
salam,2
23,1
kaumiliku,1
apaa,1
beres2.,2
come,1
kamoret,1
nego,1
jujur.,2
kota?,1
notes.,1
terjangkau,1
kokt,1
sebenrya,1
ya.,22
napas,3
ingettt,1
masker,4
"private,1
pelajaran,1
donggggg.,1
dibungkus,1
ayaanggg,2
parfum,5
mikirin,3
tanding,4
videonyaaa.,2
si,13
gjd,4
x.,1
sari,,1
bisa,101
kayaknya,33
nanti.,1
dipandang,1
nanyain?,1
udah,149
penat.,2
hemat,,1
instagramnya,1
trainee?,1
fisik,1
makalah,1
sans,23
dilaa.,1
pegang2in,1
tiga,1
temboknya,1
500rb,2
lakers,1
for,2
boongan.,1
cuekin,1
godain.,1
covid,2
senyawa?,1
badanku.,1
hrs,9
babi.,1
disituuu,1
aseekkkk.,1
nympe2,1
sendiriii.,1
bagus2.,1
manfaatin,1
perutku.,1
gaaaakk.,1
rumhmu,1
bilaangggg.,1
ilanggg.,1
cepetttt,1
aku?,3
keasikan,1
apa!?!?!?,1
bgst,6
nongkrong,3
wkwkkw.,2
ade2,1
kumpulin,1
3264,8
manaa,1
anggur,3
2781,1
dugeeemm,1
minumnya,2
surplus,1
until,1
sedih.,1
ayo2,1
yaaahhh,2
mahal,5
kanan,2
cedera,1
polantas,1
dia,122
kyai,1
pantesss,1
dmaananya?,1
bct,2
wkwkwkkwwk,1
mana.,1
menghitung,1
tuhh?,1
kota,1
-__-,13
gudang,1
seru.,2
barengan,1
graha,2
tentang,4
okaaayyy,6
service,1
knp?,1
mksdnya?,1
ujan,2
venesia,1
sehari,3
njrit.,1
asa,1
anytime,1
sekelilingnya.,1
duluuuu.,2
tefuck,1
ngebantu,3
yauda,1
jelasin,1
https://vt.tiktok.com/zsexkt4wf/,1
dbantu,1
situ,7
wakkw,1
dimarahin.,2
dihomoin,1
nyuruh,4
mau?,6
bercandanya,1
poin,2
gt,36
dimans,4
lupain,1
boros.,1
mksdnya,4
ngantukan,3
restart,1
keknya,26
balikkk.,1
kaya,34
ngebut2.,1
dibelii,1
yu,1
telkom,3
doang,61
heleh,1
cape2nya,1
tunggu,16
kontolll,2
defectt,1
tahun,8
bacood,1
uang,5
hitam,2
awkwkkwwk,1
jt,1
ngambil,4
berani,6
takut,13
sabeb,7
encrypt,2
dirujuk,1
kewknya,1
hdeh.,10
wakakaka.,2
red,1
pusingnyaaa,1
berangkat,7
kepencettt.,1
kemahalan.,1
profile,3
sombong,2
belanjaan,1
aslinya?,1
nyawa,1
lowbatt,1
perasaanku,1
https://maps.google.com/?q=-7.314990,110.497025,1
lewat,5
voice,6
pengeeennn,1
mackan,2
skrggg.,1
resto/bar,1
nice,3
dmanaaa,1
abuazis,1
xd,1
drmah,1
ngelatih,1
darimane,1
berbisnisss.,1
masak2,2
rewel,1
segoblog,1
kn@@@,1
nyamuk.,1
tapi?,3
mksdku,1
deal,3
makin2,1
smwnya,1
dll..,1
cemburuuu.,1
deadline,1
jaksel,3
silahkan.,1
kepake.,1
staycation,2
kesitu,2
kesukaan,1
selingkuh?,1
sendfiri,1
minum.,1
dikos,3
masakan,2
passss.,1
aktif,3
item2,1
sambel,1
udahhh,3
thankyouu,2
dibilang,2
gblk,1
p,5
fokuss.,1
yaa,26
cpk,1
ciyom.,1
i'm,1
gak,172
kwkekskskskskskss.,1
makasihh,1
pede2in,1
mandi.,4
warung,1
dating,1
jan,3
lv_7079061078805597441_20220331105748.mp4,1
gad,1
papamu,1
sapi,1
++,1
coba.,1
merasa,2
malesss,1
komunikasi.,1
paket,1
gpp2,1
norack2,1
beberapa,1
katain,1
gttt,1
simpenin.,1
series,1
kenapaa,2
sulap.,1
siniii.,3
trans,6
lari,,1
1166,1
stickerr.,1
muntah.,1
read,1
malessss,1
dulu,84
sore.,1
earphone,2
khotbah,2
isiin,2
alcoholismku,1
capekk,2
contact,2
kars,1
sabar,10
brilll.,1
lebh,1
om2,1
batagor,1
plan,2
sure,1
yyyy.,2
bayar,12
dibacolin,1
letsgo.,1
dibagi,1
cntikan.,1
39000,1
mlah,1
brili,8
nangisss,1
matamu,1
70,2
ngeselin,2
beraniii,1
bisaaa.,2
selowww.,1
kemungkinan,2
hadohh2,1
jemur,4
wa,1
herooo.,1
i'll,1
bau,18
okaaayyyyy.,1
keperluan,1
alcohol,2
disewain,1
pulang.,3
thing,1
katanyaaa.,1
maafff,1
jawab,16
ajadeh,1
5x.,2
ngantuk2,1
baptis?,1
uninstall,4
üî•üî•üî•üî•,1
hoodienya,1
ooh,20
iniiii,1
cuci,2
hiburan,2
maps,1
gimana.,1
yupp,3
croptee,1
auk,2
duitnya,1
vc,2
harusnya,21
wkekwwkwk,1
dilike-nya,1
prestasi,1
lowkey,1
temenan,2
2019.,1
lari,10
deh,,1
candi,1
sultan,1
okss,1
males.,4
kntl.,6
kapan???,1
janji,3
musuhannya,1
lihatin,1
pulaangggg.,1
gitu,,2
fun,8
besok?,2
kereeennn.,1
aqua,1
4,,1
alat2,1
baby?,2
puasa,3
90k????,1
pada,8
ikut?,2
pukul2an,1
masihan.,1
bebeinya,1
belomms,1
bem,1
cobaaa,2
semuaa.,1
judulnyaaa.,1
berhenti.,1
kalah.,2
seninm???,1
pantatnya.,1
y,,1
prank,2
minumku,1
berdarahnya,1
sumpah,14
coklat,1
seriusan?,3
oiyaaa,1
pecel,1
followersnya,2
awal????,1
nyetir.,1
oalajjhhj,1
item.,1
hdehh,1
gttt.,2
woiiii,1
dibolehin.,1
wakaka,18
sekali2,2
abis?,1
brewokan,1
panadol?,1
saran.,1
akakaka,2
pulangnya?,1
jg.,9
feli,3
https://www.linkedin.com/jobs/view/legal-intern-at-aspire-2850128220/?utm_campaign=google_jobs_apply&utm_source=google_jobs_apply&utm_medium=organic&originalsubdomain=id,1
kerens,1
intinya,5
info2,1
yaaaa?,1
ga,350
lgsung,4
casenya,1
hi,1
ayang.,2
iyaaa,,2
ngechat,5
bin,1
matiin.,1
flight!!‚úàÔ∏è,1
lumayan.,1
itu2,1
pandanaran,3
oiya?,1
cheeks,1
co2,1
100,1
badan.,1
chevilly,1
dimakan,1
jeleekkk.,2
ngomel2.,1
selling,1
luwuk,1
pengaruh,1
kfc,2
upload?,1
rich,1
275rb,1
rizqi,1
nyusahin,1
najisss.,1
extend.,1
telanjang,2
nginget2,1
tes,1
gua,1
pertamaa.,1
turub,1
gbsaaa.,1
ndeng,1
bilangg,1
mana??,2
jualaann.,1
diajakin,2
kandungku,1
formalitas.,1
sesuatu.,2
gratis,1
ditolak,1
master,1
iyuww,1
wwkwkw.,1
blg,32
gloves,4
omicron.,1
bukti,1
dari??,1
gpp,74
bajuuu,1
badmood,1
youtube,1
roti,1
1-0.,1
yaudajlah,1
aja,349
belanja,4
loss,3
bersuh2,1
5,17
psikater,1
anjirtttt,1
seleranya,1
wakakakakak.,1
naroh,1
fucked,1
airrr,1
makanha,1
deleted,17
hahahaha,1
dijalan,2
segameee.,1
makasih,15
bude,9
dii,1
yakin,1
suka.,3
kamarku,2
kannn.,1
niatnya,2
ngehate,1
lumayan,4
mbah.,1
otomatis,1
vidcallin,1
pasang,1
gini?!?!?!?,1
okeeh,1
mata,10
lebaran,1
cantik.,1
emang??,2
eenggak,1
jangaaann.,1
makin,11
kerjanya,2
pasrah,1
siganteng.,1
sebenernya,14
gataauu,2
keperluaann.,1
siswa,1
tampol,1
diskon,3
coil?,1
ratna,1
gaberani,1
buta,2
wkwkk,1
ngajak2in,1
kesanaa.,1
okdeh,1
terinspirasi,2
hardin,1
raya,2
pertama,8
gantenggg.,1
kekurangannya,1
belomm?,1
makaciii.,1
ya,,2
https://www.tiktok.com/@manlikeisaac/video/7054449822329310470,1
duittt,2
jam?,1
kardusyang,1
gojekmu,1
pegang2,2
hadiah,1
ssny,1
restrictions,1
https://twitter.com/dudespostingws/status/1478003075864481794,1
line,1
tmpt,14
lokasi,5
travelnya,1
pulanh?,1
ttg,3
packing,7
bikin,32
titip,1
ajaa.,3
sabarr,1
habis,30
sampeee.,3
njirrrr.,1
tolol2.,1
kamuuuu.,1
exit,1
dulu???,1
sendiri?,3
kenalanku,1
1.2jt,1
chat2,1
mau,299
mcdnya,1
kdg,1
pikiran?,1
ajeng,4
chill,5
segitu.,2
tf,1
wallpaper,1
50k,2
tadi??,1
met?,1
dianggep,1
nyalon,1
lagee.,1
tuh?,6
setressss.,1
traktir,2
jamaikan,1
ganteng.,7
reviewnya,1
dll.,2
jaket.,1
anjrit,6
nemu,6
closed,2
siap2in,1
cowo?,1
vgyyyy.,1
sensitif,1
gerak2,1
umumnya,1
gabilang,2
yaa.,1
putus,3
daddy.ü•µü•µü•µ,1
eneg,1
meluk,1
jekboynya,1
berkomitmen,2
4,11
pengeenn.,1
overthinking.,1
bebei.,2
kmana?,2
kelihatann.,1
google,4
anjirlah,1
ngajaknya,1
a,15
udahh,5
sakitt,2
love.,1
gimanaaa.,1
semangaattt,1
push,1
akaakakakkakakakka.,1
traveloka!,8
https://www.traveloka.com/hotel/indonesia/noormans-hotel-semarang-1000000481676?spec=05-01-2022.06-01-2022.1.1.hotel.1000000481676.noormans%20hotel%20semarang.2&contexts=%7b%22sourcehoteldetail%22%3a%22share_button%22%7d,1
ilang,10
ngegameee.,2
ngata2in,1
hm,4
hayo??,1
samping,1
kasi,1
cinta.,1
marah2,4
minumnya.,1
ramah.,1
bagusan,2
iyalah,3
nah,4
fokus,10
ngomongnya,2
toilettt.,1
perawatnyaaa.,1
apanih,1
dick,1
nawarin,1
tapikan,1
adade,1
ngilangin,3
wkekwkwwkwk,1
fwban.,1
5?,1
kostel,1
saat,1
mobilll.,1
dicariin,2
goyah.,1
formalitas,1
ngejurnal,1
nenek,1
tarif,1
vibes,4
40,1
kwkwkwkw,1
gobloug,1
jakarta,17
11-an,1
pcr,4
blom?,1
gak?,24
besk,1
ribet,2
berantem.,2
apalagi,4
berjam2,1
malaysia,1
kehambat,1
yeee.,1
mamam.,1
hilihhh.,1
bisaaaa.,2
bang7nnn.,1
metaverse,1
area,1
abiezt,1
nike,1
50,1
warungnya,2
nanti?,1
menang,2
okaayyy,1
dh,6
sertif,1
wkakakakak,1
link,2
bumble.,2
kienne,1
pelan2,3
glovesnya,1
ultahku,1
barang2,2
ngejar,2
17,1
superhero,1
menitan,1
janjian,1
lupaa,1
kenapasih,1
keluarga,2
yaudahlah,1
dirumaahh.,1
allahuakbarrr.,2
wifinya,1
momennya.,1
prolog,1
digofoodin,1
baik,,2
discord?,1
pls,1
masam,1
banyaaakk.,1
nonton,27
level,1
muka,6
gapunya,2
pertamanya,1
tangannya.,1
jawabannya,4
dong,43
nico,21
sahabat,2
ngeliatin,1
nambah2in,1
brg,1
harusnyaaa.,1
doanh.,1
deres,3
undangan,1
perum,1
laguku,1
1.5jtaa.,1
abu2nya,1
alcohol.,1
dikomunikasiin.,1
jelass,1
paginya,2
gatel,4
event.,1
isinya,,1
kepikirna,1
dianter,3
ngapa2in,3
bisnis,5
jadian,2
seperti,1
kebukaaa.,1
oo,2
kosonggg.,1
bentarrrr.,2
njirt,1
ddah,1
hbs.,1
mulutnya,1
daritadi,2
puseng.,1
nnt,10
skripsian,1
brili,,2
seruuuu.,1
skwkwkkw,1
percuma,1
kepo,12
pertimbangan,3
1???,1
wow,3
sparring.,1
discordnuq,1
vanilla.,1
tunjukin,2
dikamar.,1
ngwe,1
seneng.,2
dikasih.,1
800,1
banyak),1
iteeemm.,1
mood,3
kita,51
jastip,1
drivernya,1
bentar,34
terima,8
https://jobs.smartrecruiters.com/ajaib/743999794494274-legal-intern,1
bgtttt,1
keren.,7
isinya,4
sarung,1
gkpapa,1
bakal,8
proyekku,1
inviting,8
laen.,2
gblgggg.,1
2020-2021,1
pencetanya,1
aromia,8
kita.,3
nungguin,10
celananya,1
dihhh,1
terakhir?,1
cukup,3
kl,157
minuman,4
spaghetti,2
wkwkwkwwk.,1
nite,1
licin.,1
dg/versace,1
kepala?,1
waittt,1
mabokkkk.,1
cuti,1
kasih,23
apaan?,5
dramanya,1
okheeeyyyyy.,1
plastik,1
sbrrr,1
el,22
pulaaangggg.,1
pesan,1
alamat,2
jadi,79
sayang,27
dikursi,1
843,8
designernya,1
bajingan,1
ngangkat,1
emanggg.,1
bril?,2
order,3
blur,3
siapaaaa.,1
accept,1
apasihhhhh,1
diminum,1
dumbellnya?,1
obrolannya,1
bentaarr,1
gblokkk.,1
kwkwkwwkwk.,1
minumable,1
kaga,1
jetis.,1
bgtt.,14
joglo,1
argh,1
keribgetan.,1
bayanginnya,1
sekamarrrr.,1
ekslusif,1
wkwkwkwkwkwkwk.,1
wkwkwkwkkwk,1
selamanya.,1
6,20
belinya,,1
bisa2nya,1
ditemenin,2
ac,3
kekirim,1
pertanyaan,1
neraka,1
opsi,1
mamanya,1
dandan,1
tlol,2
baby.,3
gapenting,6
mammm.,1
kemana2,3
ribettt,1
notaris,1
sange,6
ayangg.,1
gitu2lah,1
selain,3
nunggu?,1
met.,1
seragam.,1
iseng.,2
bumblenya,1
tuhh,2
eyangku,4
twitter,4
belom?,6
1.30,2
dibantu.,1
gabisaaa,1
wkakakakakakakak.,1
masalahnya,4
have,8
otw?,1
boleeehh,4
tau2an,1
praktekin,2
beliii.,1
blg2,1
bobok,1
harian.,1
blocckk,1
bnyk,1
tinggal,15
udaaahhh.,1
sebelom,1
emosi,1
infonya,1
sekrang,1
template,1
jenis,1
chat,20
okaayy,2
everything.,1
sana?,1
swab,2
https://maps.google.com/?q=-7.321900,110.514336,1
2020,2
duluan?,1
adekmu,7
meme2,1
ngelihatnya,1
sabarrr,1
"gw,1
iyain.,1
nidurin,1
tukang,1
ak,146
basket.,1
089605929956,1
orangnya,6
bandara.,1
under,2
gryffindor,1
box.,2
inget.,2
gak!!!,1
6?,2
linkedin,1
tempatmu,2
gitu.,6
happy,2
super,1
gabut,11
nico.,1
anterin,2
spotify,1
4.,1
balesss.,1
followers,1
ditambahin,1
anjirrr.,2
duluan,11
jauh,12
steak,2
ekspresi,1
btullll.,1
kanbbaru,1
akhir-akhir,1
gbleh,2
pekalongan,2
iyaa,18
payah,1
senyum2,1
apalagi.,1
anjret.,2
salahmu,1
ilang.,2
daerah,1
anjirrrr,2
walaupun,3
bentuknya?,1
serangannya,1
ah,47
fkui,1
hahaha.,1
beda,12
asik,3
trust,1
jgaaaa.,1
hukum.,1
hah???,2
tol.,2
4?,1
mls,1
dkt,2
jurnal,2
hendratno,1
lhat2.,1
dolo,1
typo,1
ayaangg,1
maskerrr.,1
culture.,1
wksksksksksksksskskskskskskskskskks.,1
smart,2
ketua,1
diluar,4
saranku,1
wkwkekwk,1
sedih?,2
td,71
buku,5
mah.,1
benta,1
travel,2
cemburu,1
susss,1
1.5,1
tahun.,2
90,1
gaklahh,1
asbut,1
terlanjur,3
hafalin,1
rusuk,1
konsul,2
üëã,1
ampe,4
gausahh,1
giniii,1
sebat,1
cpekkk.,1
yaudsss.,1
hedehh,1
adek2mu?,1
infooo.,1
mereka,13
1.,5
sesuatu,4
ngakak.,7
smwa.,2
bkln,2
dikerdusin,1
beres2,1
thirsty,1
bekas,4
jeleee,1
manee,1
telanjang.,1
ngebosenin.,1
brawl.,1
programnya,1
mtiii.,1
referensi,1
bude.,1
bnyyykk.,1
panjang,1
subuh.,1
kehabisan,1
skip,2
wkwkwkwkwkwkwkwkwkwkw.,1
dimulai,1
omdo,2
seminar,1
parah,8
30,4
keisi2,1
dicek,2
ooohh,1
ya?,47
masihh,1
nempel,2
ketwmu,1
one,1
2019,1
maksudya,1
skrg???,2
hujan,3
tuh.,3
kesepian,2
compile,1
shots,1
replikasi,1
istirahattt.,1
semingitttt,1
hah??,1
takuttt.,1
mksh,1
engga.,6
gazebo,1
biji,1
monginsidiii.,1
wakakak,3
apasih.,2
nyusullll.,1
bsa2nyeee.,1
jujur,3
masihnya,1
sodara,2
wib,1
dicatat,1
diam!!!!,1
gaaaa,1
fak,2
banyak2,2
wajar,3
pst,1
superindo,2
gaa???,1
decodenya,1
tidurnyaaa.,1
apaan,16
plg,6
pilihan.,1
bsa.,1
nyiksa,1
boboooo.,1
kontol22,1
kerjaan.,1
paling.,1
kepagian,2
anjritt,2
tt,1
masalah,6
gimana?,8
saya,9
management,1
iseng,5
kejadian,3
10k,1
i,8
sleep,1
uangnyaaa.,1
bilananti,1
jg,57
marah.,6
marahin,2
mwnya.,1
nyanyi?,1
ohh,1
hidupku,1
mtiii,1
masuknya,1
ajaaaa,1
film,3
ngatain,1
tnya,1
apa???,5
lingkaran,1
ngeplay,1
maafin.,1
baruuu,1
nelen,1
hilihhh,1
kelarrrr.,3
sianjing.,1
tinggalin,1
gaakkk,,1
kayaknya.,5
outline2,1
skrg.,3
sweaternya,1
8-an.,1
hot,1
bul2,3
semangat,7
vidcall.,2
kuliah,5
temenmu?,2
sibukk,1
wkwkwwkwkwk,1
didengerin,2
nanya2,1
toxicin,1
cewenya?,1
jerawat.,1
postingan,1
dparagon,1
jangaaann,3
kentang,3
kasur,2
digrebek,1
yup,3
alay,5
ditabrakin,1
angela,2
case",1
hahaha,1
gajadi,10
atas,5
febrilian,9
sendirigaaa.,1
tbtb,24
sebenernya,,1
cuaann,1
baru2,1
suck,1
abi,7
waittt.,3
matanya?,1
dikit,9
pondok,1
dibeliin,2
seharian,1
istirahattt,1
psbb,2
time.,1
fake,4
nitip,4
kenaaall.,1
tiktokannn.,1
panglila.,1
pakein,1
jelas,4
barnya,1
isi,3
januari?,1
wiiwww.,1
gendutan,1
1jttt.,1
dicari,2
pdhl,11
kpn2.,1
real,1
ppt.,1
ktemu,1
sabarr.,1
mengisi,1
iyeee.,2
enak?,1
stalking,1
uploadnya,1
zoomnyaaa.,1
zoom,17
kelihatan,3
kaloga,1
keluar????,1
alcoholism,1
ketinggalan,4
partner,1
sebel.,5
soetta,1
kuat,4
hdeh,10
pikir2,1
kelarrr.,5
pesen?,1
nongkrongnya,1
paste,1
nulis2,3
spion,3
ako,1
diupload,4
dteng,1
size.,1
sewa,2
anjeng,1
discreenshot,1
https://vt.tiktok.com/zsdj2qfwq/,1
8.,3
istirahaattt.,1
ride,1
senym2,1
‚Äésticker,717
poop.,1
smg,32
akuuu.,6
salatiganya?,1
aneh,10
laiya,2
maupun,1
dugem?,3
taran,1
teknologi,2
wkwkwkwkwkkwkwkwkkwkw.,1
salah?,1
internetmu,1
ngurah,2
dhlh.,10
jalannya,1
sayang2an,2
ngeringin,4
lup,1
senenggg.,2
heron,1
brgkt,1
hri,3
party,,1
singkatannya,1
coil.,2
layer,1
cowo2,1
gembel,3
kuenya,1
sering?,1
nangisnya,1
dhlhhh.,1
‚Äéthis,10
jatuhin,1
gnti.,1
info,1
jgnn.,1
location,2
dapet,11
sendiri,,2
bgstttt.,2
tiriku,2
?,8
bakery,1
lalu,2
ngakak,9
laahh.,1
lambung.,1
yoi,5
coffee,1
pengeluaran,1
gblkkk.,2
bobooo.,3
pacaran,5
kacamatanya,1
wkwkwkwkwk,9
hate,1
lindu,1
??,1
meskipun,2
menyesuaikan.,1
perayaan,1
kenaapaa??,1
ajar,2
lambungnya,1
belajarnya,1
timeee.,1
beauty,1
sabi,8
wkekwk.,1
tengah2,1
jam,143
kepooo,1
iri,2
pilih,6
sholat,1
tahun,,1
dulu,,1
aji?,1
yosh,1
tingkah,1
merah?,1
cantik,5
dibuang.,1
gmpnggg.,1
biar,57
kali,25
lihat,40
wkwkwkwkwkwkwkwkkwwkkwwkw,1
abu,1
dmn?,8
boleehh.,3
blonde,1
pantatmu,1
bebeee.,1
arghhh.,1
satunya,6
udhlah.,1
namanya,,1
nethink,1
direbut,2
minyak,1
utamanya,1
shopping,1
yaudahlahhh.,1
crash,1
yawkwkwkwkw.,1
pikiran,4
jawab2,1
kanapaa?,1
as,1
bangsatt,1
will,1
"apaan,1
budget,2
perbandingan,1
bgttt.,35
ntar,46
anjinkkk.,3
taroh,1
goreng,4
aneh2,4
hehhh,1
a.,1
awkkaw,1
turned,1
maap,6
9.30,1
renang,2
bayarin,5
nomorku,3
yaaahh,2
pergi?,2
worst,2
barang2nya,1
hitam2,1
maksudnya?,3
bisanyaaa,1
kabupaten,1
udhhh.,1
ska,2
sokan,1
jalan,9
tinggal???,1
gengmu,1
bntrr,6
wwkwk,2
wakakakak.,1
lucu,31
siang,,1
gobs,3
susah.,1
mobilnya,5
okayyy,2
gjls,1
gocar.,1
ditakut2in.,1
baikkk.,1
you.,2
jadinya,10
https://vt.tiktok.com/zsexo1tqu/,1
apanya?,6
proyeck,2
rizky,1
enggaaakk.,1
bayiiii.,1
pods,1
1,5,1
barang?,1
bts,1
gajadi.,2
mobil?,2
nanyaa.,2
corona,2
dikandung,1
tbtb.,2
indihomeee.,1
kelarrr,2
nongki,2
ruang,1
kpannn???,1
dipinned.,1
tanggalnya.,1
ajaseh.,1
rekam2,2
checkin,2
dipukul.,1
ramean,3
bg5.,1
obatttt.,1
kemaren,27
okaaaayyyy.,1
ayo,,8
terlantarrr.,1
anatomi,1
kangen?,1
tetep.,1
mumping,1
spesifikasi:,1
&,5
kangeeenn.,1
meet,1
0,3
setuju!,1
temen2,8
email,2
bul2nya,1
diagnosanya,1
tddd.,1
contohnya:,1
magangnya,3
keringnya,1
8jt.,1
tricks,1
account,2
perutku,2
secret",1
ngeriii,1
lemon,1
resmi,1
nyetir??,1
lucuuu.,6
seblom,1
70nya,1
nyontohinnya,1
"harusnya,1
icha,10
bima,2
magerrrr.,1
eskala,1
yudah,1
200,2
kebayang2.,1
keburu,4
naksirrr.,1
bau,,1
maaf,37
kirain,18
need,1
meledak,1
kedokteran,2
ngesot,1
this,20
baju2,2
gaakan,3
edit2.,1
hepatotoxic,1
okeng,1
jalaaannnn,1
desah2an,1
pacar,2
okkkk,1
ringsek,1
rambut,7
jual,7
4-5,1
wkskwkwk,1
selowwww.,1
not,4
ngeliat,1
gk,1
gameeee.,1
perbaiki,1
manuis.,1
beler,1
kmbuh,1
macam,2
jago2,1
lg?,5
teross,1
alasan,5
tapii,1
kesituuu.,1
commentnya,1
bahas2,1
parents,1
aman,5
besok???,1
pro,1
nelfon,3
mandi?,2
waktu.,1
mei,2
oalah,6
disiniii.,1
tatar,1
jidat,2
vcs,1
gaaa,8
masak.,1
akumilikmu,1
kerjanyaaaa.,1
sakiitt?,1
taksir,1
nyalonnnn.,1
nugas,3
nyediain,1
anaknya,3
startup,2
se,2
sih????,1
*masih,1
yaaaaa.,2
you,13
tertarik,1
ngeweee.,1
mula,1
total,2
12,5
belakangan,2
bawaannya,1
dila,37
masihhh.,1
diselingkuhin,1
okaaayy.,2
mumpung,4
kesini,1
kmnya,1
kerjaanku,1
https://www.traveloka.com/hotel/indonesia/radja-art-and-boutique-hotel-simpang-lima-3000020017776?spec=05-01-2022.06-01-2022.1.1.hotel.3000020017776.radja%20art%20and%20boutique%20hotel%20simpang%20lima.2&contexts=%7b%22sourcehoteldetail%22%3a%22share_button%22%7d,1
mam,1
tunggu2.,1
muntah2,1
harian,3
adanya.,1
gitu?,6
bbm,1
contoh,2
respon.,1
kontaknyaaa,1
sexy,1
keluarga.,1
menit?,1
jadinya?,3
anjeng.,3
sebisanya,1
bentarrr.,1
rencana,3
yg,208
wkekw.,1
bandung.,1
laaahhh,1
network,1
udaaahh,2
tokped,2
sieh.,1
sesimpel,1
inflasi,1
barista,1
tidur.,2
curhat.,1
setahun,1
anjnggss,1
fotoin,3
ultah,3
https://open.spotify.com/track/1skpmfsyapsetbrhaia18g?si=1778c7735b214e4a,1
kasih.,1
kmrn,14
brp,8
utbk,1
laaahh.,1
gitu2,3
ü§£ü§£ü§£ü§£ü§£,1
hoodie.,1
malem2,3
uas?,1
si?,1
rabu/kamis.,1
denger.,1
ngeyel.,2
lantainya,1
gbs.,2
permohonan,1
rg8gew91ihdhbnqgdg8gymugd2l0acbvdghlcibtzw4/ienhdxnlihlvdsbzywlkigl0ihlvdxjzzwxmihroyxqgew91igrvbid0ihdhbnqgdg8sigj1dcbub3cgaxqgbwlnahqgymugzglmzmvyzw50ihjpz2h0ig5vdy4gssb3yw50ihrvighlyxigew91cib0ag91z2h0cybhym91dcb0agf0lgo=,1
ngebandingin,3
punyaa.,1
iyaaa.,27
105,1
gpp.,2
berartiii,1
filsafat,1
perawan,1
oiyaaaa.,1
seblak,1
belom,19
bungkus,2
baju,9
kaliii.,1
rambutt,1
hero,1
kita????,1
ujung.,1
gapaps,1
bju.,1
transfer,5
pikirian,1
sperma,2
jl.,2
boxing,10
parahnya.,1
city,1
memek,1
krim.,1
translate,1
sih?",1
maen.,1
sampai,3
ooohhh,1
komen,1
yaudahlah.,2
c2f5yw5nigfrdsbib2xlacbtaw50ysb0b2xvbmcga2ftdsbiyxdhig1pbnvtigdh,1
cio.,1
sepatunyaaa.,1
disuruhnya,1
sexy.,2
80%,1
+,3
pdes,1
secara,3
cerah2,1
bole,1
karaoke,1
thanosss.,1
lupa.,4
tiap,14
babyyy.,2
ngews,1
lv_0_20220330151324.mp4,1
samperin????,1
laptopan,1
notifnya,3
asumsinya,1
ingetin,3
kwkwkwkwkwkwkwkw,1
buruan,3
aturaannn.,1
dihapus?,1
nyicil,1
dimanss,2
classic,1
emg,12
dimarah2in,1
bb,1
aromia?,1
gajelas,10
kumpul2,1
mager.,1
januari,2
10/10,1
kebaikan,1
bisanya?,1
lihaattt.,2
mandiii,1
byelah,1
mati!?!,1
gigit,1
udhh,1
tidurr???,1
semarang,30
nyampur,1
dek,10
bule,1
bilanggg,1
mmps,2
bukanya,1
ceue,1
komite,1
kerja.,2
gimanss,1
sedih,11
dibawa,5
khawatirrr.,3
revisi,1
argamas,1
yauds.,1
teru.,1
kali.,1
barang,6
sabeb???,1
chatan,2
bingung.,2
makanku,1
jeggboy,1
nama,5
7.,1
bnter,1
gx,14
8,8
law,1
sebenernya.,2
gaakk,1
nggak,8
bobo,7
devil's,1
sotau,1
didiagnosis,1
lumayaaann.,1
pajero,1
wqwqwq,1
videoin,1
sukanya,2
okkk.,3
dipaha,1
jadiiii.,1
sekolah,1
kekny.,1
ajaaa,6
sabarrrr.,3
pesenan.,1
4.5?,1
kamanaa???,1
yaampun.,5
mobil,24
kontil,1
5x,1
gaboleeehh,1
sebatsss,1
bucin,4
cwo,2
wkwkwkwkwkwk.,5
timoho,1
pasangannya,1
radja,2
doang?,1
gausahhh.,1
rabu-kamis-jumat,1
ngerasanya,2
rasional,1
latihann,1
melon,1
basaahhh.,1
kuncirrrr.,1
tahunnya,1
utul,1
->,1
7,16
picturemu,1
dandan.,1
tangann,1
habis.,2
ituu,2
hpnya,1
ngingetnya,1
buatin,1
serem.,1
wkwk,189
jmpt,5
break,1
sakit,36
hari.,1
dimana????,1
wjkskskssk.,1
tauuu.,2
pengeeennn.,2
doaangggg.,1
sitasi,1
sampah,1
disini,6
apatuh?,1
nginep.,1
sayang2,1
idihhh,1
hah?,6
100k,4
bindeng,2
digamggu,1
nntiii,1
flesbek,1
puny,1
cape,5
pmyaaa.,1
dikit2,3
seleraku.,1
bokep,4
kantin,1
ngerokokkk.,1
adekku,12
pangrango,1
kontennyaaa.,1
syggg.,1
crop,1
abang,10
rai,2
mabuk,2
kembali.,1
tmptnya,1
homo.,4
offline?,1
hangusss.,1
ckckck,2
sabii2,1
centang,5
menurutku,6
takes,2
negara,7
tuh,60
anjirrrrr.,1
gantengan,1
pengen,,1
doang????,1
emang?,11
buset,1
lagian.,1
end-to-end,1
buset.,1
paslon,1
gakpapaa,2
besokkkk.,1
peduli,1
jamet.,1
dluuu.,1
baru?,1
april,1
nyambung,1
kebalik,1
jawabnya,2
maafinnn.,1
ngomong,7
soju,1
panik,1
ngerti.,2
kira,7
semuanya,2
pergi.,1
udaaahhhh.,1
aziz,1
play,1
sukaa.,1
bangett,1
app,2
lgsung?,1
dilaptop???,1
heyyoo,1
angkat,7
perawatan,1
anjeenggg,1
hidden,3
kemanss,1
dika,,1
pihak,1
perut,4
üñïüñïüñïüñïüñï,1
bapak2,1
laptop.,1
nihh,2
syap2,1
nyaman.,2
brooks,2
lg,134
gofud,4
rekeningmu,1
nikah?,1
citra,1
jiji,1
jokowi,1
kiri,2
intinyaaa.,1
lambung,1
kan>?,1
papaku,7
business,1
penting2,1
yaudaaahhh.,1
di,348
adaaa.,1
pembelian,1
dimans?,1
https://foursquare.com/v/54755f4e498e1e48fd6dae47,1
deress,1
orangnya.,2
over,1
tdr,2
barang2nya?,1
internetnya,1
maybe,3
anjerrr.,2
cowonya?,1
https://www.tokopedia.com/ncrsport/sepatu-lari-wanita-nike-original-wmns-react-miler-grey-cw1778-010,1
tuhkan,1
butu,1
menyelundup,1
tempatnya,5
ambarawa?,1
wkwkwkwkwkkw.,1
pertanyaannnya?,1
modeüóø,1
anjinggg.,1
kalian,2
elnya,1
marah,21
ml.,6
halah,1
ngomong.,1
asikk,2
keep,1
ngobrolll.,2
kameranya,1
jendral,11
tanpa,5
semangattttttt,1
dilan,3
lbh,1
byebye,1
payung,1
ituuuu.,1
sepatu,2
sumendra,1
cowonyq.,1
buruknya,1
kapan,21
ü§î,2
seru2an,2
astagfirullah.,1
luar,10
ingettt.,1
arch,1
renang.,1
lariii.,1
aduh,8
mengkhianati,1
wkwkwkwkw,14
wkwkwkwkwkwwkwkwk.,1
game,2
beberez,1
install?,1
cacad,1
manggilnya,1
lempar,1
dongss,1
pengalihan,1
belanjaaa.,1
gpp?,3
anak,19
jago,6
wkwk.,2
udahhh.,3
lain.,2
karna,25
terselamatkan,1
payahhhh.,1
juuga,1
semuka-muka.,1
kopeng,2
boros,2
gausah,49
berhalangan,1
sans,,1
fakboi,2
bajunya,2
ibis,1
pantes,5
jamber?,3
pulang",,1
lucu.,2
123.,1
aje,1
bukannya,7
tiktok.,3
bayar?,1
pemalas,1
mahal.,1
https://www.traveloka.com/en-id/hotel/indonesia/baltis-inn-guest-house-semarang-tembalang-3000010009263,2
pengirim,1
anech,1
yyayayaaa.,1
smbuhh.,1
gbsaa.,1
kulkas,1
berantakan?,1
yaaaa,1
soon?,1
signal,5
nikah,10
bales,8
tujuannya,1
celana,5
siaps,1
gnti,2
99,1
pembayaran,2
gamauhu,1
berapa?,17
mam.,1
ayaaanggg.,2
jalan2.,3
belie,1
lahir,1
boleeehh.,1
gasihh,1
parkir,2
pengirim:,1
beneran.,1
salahku,3
nyenengin,1
god,1
desain,1
seremmm.,1
perjalanan,1
bersifat,1
iyoi,1
malu2in,2
login.,1
nabung,2
misal,6
amaatt.,2
upload.,1
konsultasi,2
hbs,29
kmn.,2
ramayana.,1
iya2,1
captionnya,,1
pembantuku,1
apaaa.,3
naufal,2
tv.,1
tiktokmu,2
share2,1
ssah2,1
kepedean,1
ig.,1
bersih,4
sering2,2
fans,1
makabya,1
lggg.,2
slow.,1
see,1
ditangan,1
paniknya,,1
kirian,1
oalhh,1
tolol,6
gang,1
edgy,1
el?,2
babi2.,2
1??,1
juga,,2
hujaaann,1
mikir.,1
putih,10
shit,1
investment,1
mins,3
skrg,,1
jangan2,2
kurangin,1
asu,12
seruangan,1
setiabudi,1
sibok,1
objektif,1
advocate,1
pw,1
https://id.linkedin.com/in/abuazis,1
manaaa.,1
clientnya,1
lucuu,10
ngerekam,2
strategis,,1
lagi.,6
bebe.,1
putusin.,1
gokill,,1
malem.,4
kompor,1
selfienua,1
shop.,1
anjrirrr.,1
600rb.,1
bagi,6
tidurrr,1
ber,1
cewe2,2
maksud,2
hiu,1
makannya?,1
sebat2,1
apaaaa.,1
disangka,1
berkabar,1
dikirim,1
igne,1
dmn???,1
(?).,1
dinjkt,1
ml,19
dotaaa,1
penginapan,1
blg,,1
konteksnya,2
nakal.,1
tiduur,1
diagnosanya.,1
soalnua,1
kgn,2
fortuner,1
dingin2.,1
join.,1
trus?,3
disekeliling,1
padahl,1
hadir,1
main,45
kenal.,2
muuu,1
bagus.,6
hilang,4
yakan,1
ngerepotin,2
lain,20
setia,1
rizky:,4708
putih2,1
kan???,1
bermasalah,1
anjaaayyy.,1
blm?,6
(lunas/ada,1
kelihatan.,1
jggg.,1
goblok,7
diblock,1
on,3
wibuu.,1
pindah,10
ditanya,5
jadii,1
harry,1
kesel,5
temenmu,4
yay,3
berdua,6
donk.,2
/60,1
setauku,1
jauhhh.,1
suaminya?,1
cat,1
resto,1
gajiku,1
listen,1
pods.,2
lagiii.,2
adekmu?,2
keplay,1
bentaart,1
bercandanyaaaa.,1
biasalah,4
abiezt.,1
dengeerrrr.,1
supir,3
sayangnya,1
meter,1
gilaaa.,4
teparrr.,1
rambutttt.,1
belum,,1
dugem.,1
mati???,2
bo,2
korea,1
cashnya,1
berhasil.,1
dianha,1
pcr.,1
disogok,1
ilang???,1
keluarr,1
two,1
gocar,8
gakdeng,1
bntr.,1
kepikiran.,1
mg,1
gabisa.,2
gabisaa,2
cantiknya,2
calon,1
ngapaih?,1
gigi,5
cancel,1
smaa,1
dibetein,2
bdoh.,1
nahitu,1
pdhl.,2
gak.,3
gawe,1
iy,1
pusing,14
pegang,2
masjidnya,1
pembayaran),1
stasiun.,1
tkut,11
haaaiii.,1
jatohnya,2
adanya,4
biasalahhh.,1
2,30
soalnyaaa.,1
natal,1
terkenal,1
terlihat,1
wmwmwkwkwwk,1
mobil.,3
nangkepnya,1
bella,2
nemenin,9
siapa,24
6rb.,1
sbnrnya.,1
dilanjut?,1
km?,11
lamaa,1
sebutin,1
pencah?,1
discordku,1
apapun,3
betah,1
buruu,1
gang.,1
gabutuh,1
terlalu,10
4jt,1
milih,5
enggaa.,1
sengja,1
bespren,1
(pagi,1
tagih,1
mampus,9
nggaklah.,1
dimana???,2
naps,1
pesen,13
baguan,1
widih,1
dp-in,1
bcl.,1
hah????,2
guna,2
today,1
gaikut,1
smwa,1
txt,1
titik,1
gamungkin,4
ketuker2,1
relationship,1
msih?,1
diaammm.,1
cpeekk,1
kah?,1
awet.,1
deng,,1
bju2,1
pulangg,2
senang,1
beb,3
gatau,66
mikirnya,2
takutnya,1
menerima,1
keybca,2
kriptografi,1
per,2
skincare,1
skala,1
dpnya,1
dikittt.,1
kaget,3
malam.,1
mental,2
üèÑ‚Äç‚ôÄÔ∏è,1
jarang2,1
https://vt.tiktok.com/zsebqa9gb/,1
anti,1
puas2in,1
sibuk,11
mudeng,3
kampus,2
mabokkk.,1
temani,1
boob,1
opname,1
down,1
alur,1
kecepetan?,1
bebasss.,1
tai.,9
mcd?,1
homestay,1
tp.,4
kulitku,1
matiiii????,1
gausala,1
ntat,1
connect,2
wlwkwk,1
kosongin,1
ti.,1
bgsttt,2
%,1
wanna,1
kyk,5
cashku,1
kasurnya,1
cek,15
masyaa???,1
okayyy.,1
bangsaatt,1
pesimis,1
semangaaattt.,1
memahami.,1
ditemennya,1
besok,60
ngelihatin,3
bsukk.,1
anter,3
eyang.,2
tengah):,1
tonjokanku,1
funi,1
cemburuan,1
brains,1
bangun,20
banyak,42
nyangka,1
nyenyaakkk.,1
gg,1
ywdhlah,1
selalu,6
punyaaa.,1
yeee,3
middle,1
daftar,4
kanan.,1
pipis.,2
senayan,1
tumben,7
akoooo.,1
das,1
mecahin,1
mbahku,3
dahlaahhh,1
pocong,1
lega,2
treatment,1
yaudahh,1
mas2,2
ngeh,4
ngaruh.,1
idaman,1
gapapa.,4
sarapan,1
sesibuk2nya,1
iyyy,1
norak,1
hampir,4
kan????,1
gjdi.,1
yk,1
bntrrr.,3
kaget.,1
kemauanku,1
!!!!,1
dadah,2
dichat,3
lomba,1
nabunggg.,1
house,1
mfff,1
bener2,10
muntah,3
jahat.,1
ada,165
untuk,7
bangun.,3
hidup,4
skincarean,1
siap2,12
ikutt,1
enakkk.,1
gbsa.,1
okaaayy,6
lhat,3
sekalian,8
lagi,,1
allahhhh.,1
mn,1
ready,3
gelas,1
masup,1
bringinnn.,1
dluuu,1
ngurangin,1
pertanyaannya,2
simpeenn.,1
diperbaikin,1
‚Äévideo,88
kebangun,3
malemmm,1
selaw,1
beda2,1
ti,1
malem.üôÉüôÉüôÉ,1
anjir,14
besok2nya,1
terbaik,1
seruu,1
lv_7079686747797425409_20220330123718.mp4,1
sorean,1
good,6
besokan,4
perek,1
jamnya,1
univ,1
uninstall.,1
sendirian,7
temen2nya,3
yopussi,1
nganggep,1
usaha,2
akuuuu.,1
hdeh2.,10
cintaaaa.,2
kerongkongan,1
briliii,1
ssan,1
ikutin,1
tunggu.,1
anjrit.,1
ap???,1
ss.,1
1,33
disanaaa.,1
bagian,1
premiumin.,1
doyan,1
pulsanya,1
jambers,1
nakalll,1
tiktokku,1
ngapain.,3
gbuttt,1
lemaru,1
sana,11
ditanyain,2
artinya,3
benerr.,1
diparkiran???,1
masukin,1
huh,1
lewat.,1
besokkk.,2
nanya,,1
ngentoott2,1
sakitnyaaa.,1
enaknya,3
mcl.,1
pembantu,2
disini.,2
mingguan,2
angkatan,2
kalaupun,1
laporin.,1
ya...,1
132.,1
trauma,1
https://www.youtube.com/watch?v=vgohlwbfaku,1
https://www.rukita.co/place/ruoptions-the-one-residence-cempaka-putih,1
ninggalin,3
amburadulll.,1
baris,1
mintanya,1
jakarta,,1
seleseyy,1
rawat,1
fi,1
lampunya,1
rezeki.,1
gakuat,1
apart/kos,1
adekku.,1
terbiasa.,1
gaaakkk.,3
ngaku,2
20220329_111357.mp4,1
disituuu.,1
ngerasa,11
makan?,1
selese2,1
terjadi,2
nanyain.,2
search,1
bau2nyeee,1
mahaalll.,1
yang,137
-___-,1
villa/hunian,1
/300,1
pak,1
madrim.,1
di?,1
desember,1
x,4
kakanya,1
gada,3
beliin,9
kmn???,1
tambang,1
berdarah?,1
kepake,1
pnya,3
publish,1
drakor,1
matinya,1
gmn.,1
apakah,2
bebas,10
dibales.,1
lemes,2
encanto.,1
disembunyiin,1
ngetikpun,1
dah???,1
gede,6
heronya,1
blm,37
jametttt.,1
200th,1
blotongan,3
tissue,4
iyaaalaahhh,1
magic,1
udaahhu,1
gocarnya,3
pantatnyaaa.,1
day.,1
hrsnya,4
enggakkk,1
sore???,1
guesthouse,1
norak?,1
was,10
babeeee.,2
angett,1
dilano.,1
usahaku,1
milan,1
ayoo,1
deploymentnya,,1
‚Ä∫,1
akar,2
ibu,4
cewe,18
boleh,21
januarii,1
cowo,25
dog,1
zalah,1
tentu,1
asiklah,1
ngentot,10
jl,2
wkwkkwkkk,1
teranggg.,1
mgomel2,1
kok,,1
cairan,3
nabrak,1
bukaann,1
bnttrr,1
la,4
tiktokmalu.,1
move,1
samsek.,1
ulang,5
aja?,5
apaaa??,1
gelap,1
bebei,2
camp,1
okelah,1
rumaahhh.,1
lagian,6
joinnnn.,1
treat,1
menittt.,1
muka2,1
gedeeee,1
tepar,1
tata,9
client,1
rasain.,2
tata.,2
bersih2,9
ngaruh2,1
ngehindar,1
antar,1
wkwkw.,10
make,5
ciuman,5
ancur,1
orang,45
alah,5
baltis,5
apotek,2
apa????,1
doa,1
yaudss,2
cakeeepp,1
mana???,2
itu,172
ke,215
mo,52
sananyaaaa.,1
jokiin,1
jamberr,2
bye.,1
stt,1
waitt.,1
copot2in,1
soalnya.,2
berapaaa.,1
tmptt.,1
byeee.,1
kamar,14
mobilku,1
feeling,1
ketek,1
lelang,2
berhentinyaaa.,1
sini.,1
masih,66
rajin.,1
gaslah,1
julid,1
yahh,1
dibilabg,1
direktur,1
otw,31
capeekkk,1
fk,2
mungkin,12
car,1
baca,11
surga,1
bkan,1
jenderal.,2
do,1
galak.,1
semuanya?,1
trash,1
staffnya,1
bentaaarrr.,1
ceria,,1
sanss,6
mamaku,25
mager,15
boongan,1
erapa,1
kta,3
gerd,1
penasaran,1
99):,1
ajaaa.,15
keinget,,1
emosian,1
funny.,3
numpahin,1
mengharapkan,1
dibuang,1
bobo.,3
balikkkk.,1
api,1
shopee.,1
kalopun,1
ga?!!,1
banyak????,1
‚Äémissed,35
nyuekin,1
dipanggil,1
mar,1
mauuuu,1
wkwkwk.,30
pribadiii.,2
kecil,6
sleep.,1
bibir,1
xiaomi@boss03.com,1
kapan2,2
view,3
hemat,3
ikutan,3
sebelah,7
gabisaaaa,1
diet,1
tuh,,1
okaaayyy.,4
bangke,1
replynya,1
apt,2
bukan?,1
salaman,1
izinnya,4
kalogak,1
kerenn,3
lebay,5
jalan2,5
wkwkwkwwk,2
sweet,1
pikirnya,1
kena,8
dibawain?,1
berubahnya,1
dlo,1
gantengnya,1
yani,1
veteran,1
yeyy,1
namanya?,1
terlanjorrr.,1
embulll.,1
manasin,1
rsud,1
sendawa,1
filsuf,1
rumah,34
temen,31
krg,2
bolehlah,1
sejak,3
krennn.,1
gska.,1
berani.,1
ongkirnya,1
nih,49
ajakin,8
siap,4
ngomongin,1
bitch,1
nemenin.,1
hotel?,1
cepet,14
gausaahhhh,1
kampret.,1
scroll,1
ngikutin,2
ditemenin?,1
mayanlah,1
selebgram,1
dilaptop,3
okey.,1
jalannyaaa.,1
6240,1
kt,11
dijauhin,1
periode,1
okeeyy,,1
dr,5
debat,1
ituuuu,1
paginya???,1
pinggirans,1
mas,6
weekend,2
molor,1
soalbya,1
kelarin,1
rokok.,1
buruk,1
inget,13
kabarin,,1
nanggulan:,1
wkwkksksksksks.,1
dimatiin,2
acara,1
berkali-kali,1
pelatihku,4
niii.,7
kebaret,1
hasil,1
ajamereka.,1
celanaaa.,1
ajarin,8
gimanaaaa??,1
tahan,3
brrcanda.,1
icha?,1
bukitnya,1
bleh.,2
ngga,2
kesinii,1
ceria,2
ydh,1
resto2,1
bisexual.,1
oia,1
pregame,2
ako.,4
tadi?,1
wkwkwkwkwkwlwkwkw.,1
percaya",1
doang.,15
ruangan,2
seragam,1
2k2k2.,1
kan?,14
sayangku.,1
manggil,2
bolehhh.,1
dimintain,1
proyek,10
online,1
kereta,5
amattt,1
sek,1
ini,181
tau?,2
enak,28
airgato,1
upload,5
d8luarr.,1
wkekwkwkwk,1
masakkk,2
eek,1
pohon,18
kebelet,1
kehacknya,1
kenape,1
karton,1
ditinggal,1
nyampenya,1
banyakin,1
pilihan,5
ribot2.,1
adaa,3
baik2,1
merokok,1
nasi,7
kosnya???,1
deg2an,5
bener,12
unsend,2
pulangnya,2
jmpttt,2
lawfirm,1
mukanyaaa.,1
cowonya,4
nyusulll.,2
mulu,12
wktu,3
katarak,2
laku,1
semua2,1
anjaayyy,1
dugem2,1
dirumah?,1
botolll.,1
lo,2
sini?,2
serius,2
jugaa.,1
hehehe,1
ngabarinnn.,1
kesana.,1
‚Äégif,3
bun.,1
listrik,4
meme,1
baru.,3
dibuat,1
waxing,2
kembangin,1
errorrr.,1
sayang?,1
ajaib,1
sagapung.,1
technically,1
udaahhh,2
deh.,9
kelembutan,1
gym,16
toiletnya?,1
dikomenin.,1
diemin.,1
hadehhh.,1
gituuu,1
dua,1
sebat?,1
tiba2,9
lagi?,8
aruni.,1
amaaannn.,1
jakarta.,1
hduhh,1
well,1
them.,1
latihan.,2
gabisa,45
epicccc,1
22,1
lau.,1
balikkkk,1
semalem???,1
smg???,2
merekaaa.,1
pagi,33
full,2
jokian,2
pendek,3
dipinjem,1
baguss,,1
lowww.,1
yaudah.,2
ngelepasnya,1
staycationnya,1
bangkok?,1
ditunda,1
bril,2
fwban,1
enggaklah,1
lucuan,2
ahmad,1
kasihan,7
sesuai,1
hal2,2
diambil,1
drmn,1
turutin.,1
pajak,1
https://www.kalibrr.com/c/zenius-education/jobs/184247/zenius-internship-2021-2,1
kabarinnn,1
kbrn,1
resort,1
kenalan,5
gedung,2
kontenin,1
dliko,1
berapaa,1
kenapa?,9
cap,1
yeeeh,1
temukan,8
basah.,2
mamaamm.,1
anakkkk.,1
sesek.,1
ajeng.,2
=,3
hpmu,2
turun,3
kepo.,3
duduk,3
jauhhhh.,1
seinget,1
birthday,,1
dehh.,1
makannya,12
mirip.,2
selow.,3
ayo,35
wkwkw\,1
ngejauhin,1
wkwkwkwwkkwkwkw.,1
kelar,25
apaaa???,1
cewenya,6
nenek.,1
pelan.,1
first,1
govlog,1
sephora,1
sedotan,1
manado,3
pemabuk,1
semua,24
mute?,1
lha,1
gaaa????,1
bersyukur,1
minor,1
hidupmu,1
rugi,1
1jt-15jt,1
susul,1
wifi,2
homo,11
ber3,1
3000,1
alzheimer,1
hahah,20
kabarin,30
????,2
kontrol,1
bingung,11
gantian,3
18,3
bold,1
kontol,21
tkuttt,2
7an,1
ajak.,1
pilihannyaaa.,1
jawaban,2
doyan.,1
selanjutnya,1
barangnya,1
gbleh?,1
ama,21
kurus,3
sepeda,2
terang2nya,1
lost,1
wfh.,1
cd,1
kesituu.,1
lgsg,1
febrilian's,8
enduttt,1
gmn?,6
jamberss,1
0131092821,1
telfonya,1
wolu,1
kelarnya.,1
kalah,5
bete.,6
bawang,1
rank,2
dmana???,1
selama,3
kenyang,1
pernaaahhh,1
laa,4
wkakakakaakak.,1
/,1
blg.,3
nambah,2
alesannya,3
jorok,2
kurangajar,1
kuliahku,2
maksudku,1
diapain,2
disuruh.,1
allah,16
panadol,1
kee,1
ote.,1
ditengah2,1
tott2,2
..,1
bgt,127
acara?,1
penumpukan,1
kimchi,1
tumbuh,1
finansial,1
materi,1
alpukat,1
gofoodnya.,1
mandiii.,2
wawancara,1
jaga.,1
rek,1
indomie,4
wolu.,1
dipake,8
hapus,4
rapi.,2
projectku,1
nii,3
nakal,7
kucing,4
gituuu.,3
cakeepp.,1
bangsat,12
citapen,1
tersebut,1
bentar2,1
up,4
salatigaa,1
gimana,11
gini.,2
linkedinhttps://id.linkedin.com,1
(wa),2
podsmu,1
buat2,1
kelar?,1
pasrah.,1
akooo.,1
oww,1
kawa2,3
hw,1
kopi,3
tersedia,2
kosan,7
siapa?,6
wkwkwkwkwkwkwk,4
jm,1
dibanding,1
canda,16
oiy.,1
kentut,1
wkakaka.,1
meeting.,10
hehe,4
gabjsa?,1
waria,1
gampang,6
dibaca,2
6.,1
putingnya,1
diketik,1
peruttt,1
panik.,1
warna,3
kemana??,1
bayarnyaaa.,1
jugaa,2
crewet.,1
politik,1
berkorban2,1
ngitung,1
ngantukkkk.,1
ngebunuh,1
jernih,1
pk,4
20,7
700k.,1
nyebelin.,1
temen2.,1
d,2
bmyk,1
keterima,1
so,1
kenak,1
*cocok,1
decline,1
staff,1
okedeh,8
enaaakkk.,1
paketnyaaa.,1
jakarta?,1
hut.,1
iyaaa,66
berapa,16
300k,1
tiduran,3
pacaran?,1
gofood.,1
kerasa,2
mntb.,1
ngeluh.,1
pdahaaal.,1
maleman,4
workout,1
kepeleset,1
maret,1
sopan,1
sea,1
matiii.,3
font,1
id:,8
ywdh,5
cowo2.,1
tony,3
angkasa,1
drivethru.,1
.,4
apaaaa???!,1
mienya,1
ada?,1
bodoams,1
baby,4
sedihnya,2
nikahnya,1
season,2
anyway,,1
gereja.,1
ketemu,29
belok,2
iyaaaaa.,1
sini,34
khusus,1
sebrangnya,1
nomor,5
pagi2,2
enggaaaa.,3
kontak,3
bru,20
blommm.,1
oalaahh.,1
mengunci,1
otwnya.,2
udah.,1
olahraga,3
pulang2,4
20.,1
oversized,1
whatsapp,5
kemana???,3
sebiji,1
nolak.,1
kasarrr.,1
mengubah,1
hotel,18
repot2,1
gallery,1
kalaahh,1
even,1
disimpen,1
simpleee.,1
nanya,27
antigen,1
rumahku,,1
obrolan2,1
pulankkk.,1
ditanya.,1
kimchinya,1
biru,1
minimal,5
tiketnya,2
spendingnya,1
naksir,2
msh,21
mainnya?,1
scheduled,8
keren,9
indah,1
oper,1
np,1
persis,2
dahh,2
kerjaan,3
yaa?,2
jogja?,3
setres.,1
dpt,2
bucin.,1
kantor,1
dolooo.,2
ajg.,2
passwordnya.,1
otak,4
gajinya?,1
bu,1
ajasih,3
pesawat,2
nikahinn,1
langsung.,1
punya,19
surfing,2
coba?,1
motong,1
dikamuuu,1
sekitar,1
cafe,3
skipp,2
sikat,4
fee,1
https://lmgtfy.app/?q=lowongan+kerja+jakarta+pusat,1
sabi2,2
sebenarny,1
undakan,1
apartnya,2
kok.,3
ajee.,1
bogor,3
nginep,11
pindah2,2
asoeee.,1
gak2,1
boleee,2
orang2,2
525jt,1
pelampiasan,2
katanya,29
gueee,1
4.7,1
segituan,1
telat,1
males,21
day,2
sunmori,3
username,1
dolo?,1
asli,1
berantem2,1
dijamin,2
berduaa.,1
gasih,6
pipis,7
185cm,1
mala,2
dokter,9
bahaya,2
gocarin,3
ay,1
daddyan,1
semaaangaatt,1
gajelass.,1
ajb,1
lega.,1
definisi,1
enggaakkk.,2
nyesel,3
yaudaa,1
(jl.,2
denda.,1
canda2,1
gaenak,7
kontaknya,2
berdua?,1
aje.,1
bpjs,1
ngapain?,5
video,42
cerainya,1
gadeng,4
operasi.,2
punyaku,1
randy,1
sama.,1
gofood,7
pa,1
250,1
videoku,1
jkt.,5
khawatir,2
aapptuh,1
hedeh,4
ez,1
baik.,1
iya,,1
prepare,1
contohya,1
keluarrr,4
laahhh,1
kemejaku,1
want,2
ungsikan.,1
lawannyaa,1
izin.,1
https://maps.google.com/?q=-7.316730,110.497551,1
hehh,1
10,13
pilek,1
perasaan,6
ajaa,13
halloween,1
siapa.,5
sblm,4
viral.,1
nyadar,1
jangaann.,1
ketemunya,2
nakut2in,2
worth,1
toilett,1
ketemuuu,1
nic,1
talinya,1
ketemuan,1
hr,2
dianter?,1
online.,1
kehapus,3
pod,2
alesan,6
tbl,6
nyariin,3
menangis.,1
perawat,6
oya,1
wleee.,1
kapas.,1
vidcall??,1
dahlah,9
standar,1
takut.,2
awal2,2
naik,14
tengah,5
penjelasan,1
lampu,4
diganti,2
engga,,6
tembalang,,1
lalu.,1
habisss,1
lepas,2
bapak,1
rajin,1
besok2,2
urusannn.,1
arak,1
udaahh.,1
skrggg,1
club,4
5km,2
https://open.spotify.com/track/2waifwjrupwmndkqcu91mf?si=a4dab0fe04014d53,1
sadar,6
digituin,2
pagi-siangan,1
setebgah,1
pulang?,3
kosong,7
dll,1
btul.,1
wkwkkwkw.,1
bestie,1
oiyasih,1
hafal,3
wisata,2
ke-2,1
manaaa??!,1
gaaaa.,1
adek2,3
biztro,1
capeeekk,1
dengernya,2
lcuuu.,1
temenin,15
hidup.,1
wkwkwkwkwkwkwkwk.,4
topinuaa.,1
kesininya,1
sepupu,1
akngtnukk,1
homo?,1
godain,3
billyammar.,1
pylori?,1
bnykkk.,1
bnrn,1
issuesnya,1
akuuu,2
jungkook?,1
palsu?,1
pemerintah,1
apa.,6
anjret,1
kn,4
gmaps),1
fotonya,5
namanya.,1
masnua.,1
menurutmu,1
blgnya,6
bentuknya,1
gitu2an,1
ku,52
oalaahh,1
kasihaann,3
berasa,2
narik,1
buang,3
bmtrrr.,1
masih?,4
oz,1
s*****,1
19.00,1
opg,1
sewa.,1
tadii,1
3,,2
sekuatnya,1
mayan,1
ngerokok,23
menarik,1
tonton.,1
‚Äéaudio,10
kering,3
filter,1
izin?,1
wkekwkwwkwk.,1
nasgor,4
sama,173
bli,1
susah,20
guru2,1
sebulan,6
dihidupku,2
buru,1
dih.,1
butuh,10
ketawa2,1
awkwk,9
barusann,1
pass,1
pusinh,1
ngens,2
berubah,,2
caws,1
dmnnn.,1
berduaan.,1
jaln,1
drimana,1
michat?,1
upn,5
percaya,9
louis,1
kkee,1
67,1
putih.,1
malah,38
bela,1
santaiiii,1
canda,,1
mandiriii.,1
merenung.,1
segitu,1
botack,1
35,,1
cueeekkk.,1
ayahku,1
buat,84
silent,1
seberat,1
sempit,1
jagoan,1
gnteng.,1
sparing,1
block,7
nulis,6
cuma,60
smansa,3
omongan,1
disuruh,16
orangnyeee.,1
drpd,6
wakaakaks,1
pipe,1
okeeeehhh,1
mamamu?,2
serunya,1
yyy.,1
lah.,26
rok,2
harusnya?,1
tiket,4
brrti,1
84,1
muaythai,1
ngerjainnya,,1
334,1
atap,2
buka.,1
dimaafin,1
bguslah.,1
ambil,16
mw,22
gbut,1
sisa.,1
gajadi,,1
alkohol,5
gilaaa,1
doanh,1
hawanya,1
kokkk.,2
telinga,2
jmpt?,1
2.,4
ceweku,1
dibentuk,1
otwww.,1
orang.,2
"ngapain",1
dikamarrrr,1
galak,1
izin,4
istirahatnyaaa.,1
standby,1
ai,1
alasannya,2
berhentinya.,1
pilihanmu,1
premium,1
ngatur,1
pura2,3
pemula,1
tenaga,2
dikasih,4
repositorynya,1
smpah,3
bgstt.,1
sex,2
of,1
datar,,1
kabel,1
polos,3
dih,2
anjimrit,1
kmr,1
tbl.,2
rameaannn.,1
dapetnya,1
memeknya,1
boleeehhh.,3
tuuu,1
mcd,7
üòÖüòÖüòÖ,1
boxin,1
termasuk.,1
supaya,1
bisaaa,1
pke,9
benerrr.,6
cara,11
gbs,7
tete,1
sekalian.,1
juga,119
dilihat2.,1
wkwkwkkw,2
bs,1
asal,3
trnyt,1
digosendin?,1
setan,1
biasa,13
hihhh,1
dijebak,1
kaosss,1
o,4
ngetes,1
tergoda,1
awwkw,1
fotoku,1
sleepcall.,1
0857,1
entot,1
2018,1
masasih,1
demam?,1
ditenggorokan.,1
kesanaaa.,1
ngejawab,1
pagi2?,1
lagunya.,1
drii,1
anjritt.,3
nonton2,1
sebentar,1
ngejoki,4
early,1
bioskop?,1
cancer",1
enak2,1
pengajiannya,1
aku,,4
stress,1
no,10
memang,1
segini,10
pelakor,1
enggak,10
kabarinn,1
ngelendot.,1
awwkwkw,1
kwkwkwkwkwkwwkk.,1
sihh,1
masa,24
takottt.,1
ngeinvite.,1
setengah,4
urusan,6
kamis,4
flightnya,1
ngebenerin,1
ke2-nya,1
kotorrr.,1
https://maps.google.com/?q=-7.251486,110.440163,1
babe.,6
hdeebh.,1
profit,1
hih,1
ss,1
mnteeebb,1
dirumahh,1
ganggu,4
laperr.,1
ngedittt,1
kesayangan,1
mainnya,2
kayaknha,1
bauuu.,1
dibaca???,1
ujung,1
okeeyy,1
bersihin,2
arigato,2
lahh,1
energized,1
smpe,21
tatto,1
https://www.traveloka.com/hotel/indonesia/nite--day-hotel-candi-simpang-lima-semarang-9000000971696?spec=05-01-2022.06-01-2022.1.1.hotel.9000000971696.nite%20%26%20day%20hotel%20candi%20simpang%20lima%20semarang.2&contexts=%7b%22sourcehoteldetail%22%3a%22share_button%22%7d,1
jumpa,1
boleh,,1
kereta.,1
mukanya,6
okeeeyyyy.,1
sabebb,1
100m,1
programming,1
makan2,3
ngobrolin,2
essa.,1
screenshot,1
malang?,1
benci,2
anjinkkkm,1
ayang,12
wkekwkwkwkwwk,1
alatnya,1
tidurrr.,3
roasting,1
makasihhh,1
hulu,1
bocah2,1
dikirimin,1
semangattt.,1
kerjo,1
bedanya,1
itu.,4
gakbisa,1
nyantai,6
senin,7
"h,1
tiriku.,1
confess,1
setan.,1
istirahaatttt.,1
bercanda,6
loh,4
pingsan.,1
1.5k.,1
0857-1234-0075,1
cetak,1
‚Ä¢,27
akhirnya,3
memekkk,1
dimatiin?,1
buangg,1
audio,1
oalaaagh,1
nasi.,1
duluuu,2
ngerepotinnnn.,1
yuk,9
alaybgt,1
capcipcup,2
gaseru,1
itung,1
pernaaahh.,1
suruh,16
potong,4
jg?,1
deh,61
nherasa,1
goodnite,,1
telfon???,1
jarang,4
shm.,1
buktnya,1
berat,1
mcl,3
https://foursquare.com/v/4f8c04dfe4b04a0760eee231,1
legal,4
dibeli?,1
suites,1
kepalaku,4
cece,1
bayiii.,1
hlah.,1
nganter,7
awkwkwk,5
hatchi,1
dah?,2
kau,2
cariin,4
message,10
bsaa,1
airnya,1
dita.,1
beberapaa,,1
wkwkwkw,31
keliatan,3
install,2
aplikasinya,1
mixue,3
yaaa,20
safe,,1
siang,12
dugeman,1
wakak.,1
ckck,1
kala,1
intens,1
scroll2,2
take,1
doanggs,1
brilii,1
uhuy,1
telur,4
|,1
selamanya,2
dalem,5
bodoh.,1
apaan????,1
keinget,1
apa,127
handjobnya,1
percepat,1
energi,1
blm???,1
duluaann,1
bulan.,1
wakakakak,1
profilnya,1
pengaruhin,1
fud,1
ignya.,2
tuntang,1
gimane,1
kamu,,1
grade,1
kmrn?,1
btw.,1
dada,3
park,1
art.,1
minggu.,1
sidang,1
kayak,,1
sebelum2nya,1
nyulik,1
ketek?,1
cengeng,1
tadi,38
25k,1
nerima,5
kilat,1
reflection,1
dikata,2
pengennya,1
sinting.,1
madu.,1
gasuka,5
hdeh2,2
coli?,1
cium2,1
https://www.traveloka.com/hotel/indonesia/star-apartment-by-star-hotel-3000020005533?spec=05-01-2022.06-01-2022.1.1.hotel.3000020005533.star%20apartment%20by%20star%20hotel.2&contexts=%7b%22sourcehoteldetail%22%3a%22share_button%22%7d,1
terang2an,2
demam.,1
ckepp,1
ntar.,1
hdeehh,1
toxic,3
olahraga.,2
bohong,7
video.,1
baju.,1
meeting,34
parfummu,2
menyelundup.,1
wishbone,1
lt.,1
lebih,41
beberesss,1
ngabarin.,1
marvel.,1
kocikkkk.,1
kejauhan,2
case,1
istirahat,8
diomongin,1
katanya.,2
samper,1
https://www.instagram.com/p/cz4cb59pisf/?utm_medium=copy_link,1
bh,2
https://www.youtube.com/watch?v=qljcugt9ose,1
tipu2,1
sempettt,1
disepongin,2
selingkuh.,1
tebaaaaakkkk.,1
sepanas,1
nntiii.,1
hp.,1
kemans,2
lukaaa,1
gaa,10
raw,1
rumah?,1
optik.,1
is,9
anj,1
gperlu,1
duluuu.,11
demiapa,1
b.,2
ngerapiin,1
makaciii,2
cerai,1
lhat2,1
mantan,2
hahhh.,1
suka,40
oalahhh.,1
mukaku,6
gojek,1
babi,1
rumaaaahh.,1
tidur?,3
obat,2
batman,2
jutek,1
dong?,2
ngigau,1
kakak.,1
lamaaa,2
aer,1
2.7,1
siaappp.,1
semuanya.,1
berhenti,5
asyiklah,1
18,,1
iya?,3
hngg,1
lc,1
kampusss.,1
kemaleman,2
biasalaahhh.,1
seakan,1
keluarin,1
inn,5
jaga,2
bagussss.,3
2017,2
beda2.,2
aku:,5
ngondoy.,1
kekurangan,7
kntl2.,1
amat,19
bukit.,1
xixixixix.,1
oi,1
hdeuhhh.,1
yeh,1
lahhhh.,1
engineer,1
https://vt.tiktok.com/zse4hrmxb/,1
serah,6
goubulok,1
truz,1
hbd,1
ayok,2
selundupin.,1
1.5jtan.,1
hari,,1
banyak.,1
masing2,1
polysilane,1
jawabnya.,1
delanooo.,1
segame.,1
sepertinya,2
ngomongnya.,1
nyambung.,1
suatu,2
kan,195
berapasih?,1
haha,2
emangggg.,1
terpesona,2
siang),1
selamat,4
return,2
ikan,1
ttp,4
sodaraku,3
yaaam,1
vibesnya,1
awkwkw,7
yeeaayyyy.,1
orangtua,1
keselnya,1
hepi,3
semangaatt,4
berantakan,1
can,1
jam.,3
bntr,18
aja???,3
dmnaaaa????,1
nerima,,1
bacot,3
live?,1
elite,1
bgtttt.,4
tpi?,1
oalahh,1
hancur,1
gopay,7
g,6
lahya,6
anjir.,1
buru2,2
lipstic,1
saru,1
itu",1
bilanggg.,2
enggak.,1
nolak2in,1
gini,8
aja.,29
nongkrong.,1
tak,5
ngajarin,2
betollll.,1
ngegas,1
ketemunyaaa.,1
